Data_Point,Date_Time,Test_Time(s),Step_Time(s),Cycle_Index,Step_Index,Current(A),Voltage(V),Power(W),Charge_Capacity(Ah),Discharge_Capacity(Ah),Charge_Energy(Wh),Discharge_Energy(Wh),ACR(Ohm),dV/dt(V/s),Internal_Resistance(Ohm),dQ/dV(Ah/V),dV/dQ(V/Ah)
1,02/02/2022 17:30:48.598,20.002,20.001,1,1,0.00000,3.38513,0.00000,0.00000,0.00000,0.00000,0.00000,,-0.02266372,,,
2,02/02/2022 17:31:08.599,40.002,40.002,1,1,0.00000,3.38346,0.00000,0.00000,0.00000,0.00000,0.00000,,-6.116488E-05,,,
3,02/02/2022 17:31:28.600,60.003,60.003,1,1,0.00000,3.38635,0.00000,0.00000,0.00000,0.00000,0.00000,,0.01831676,,,
4,02/02/2022 17:31:48.601,80.004,80.004,1,1,0.00000,3.39016,0.00000,0.00000,0.00000,0.00000,0.00000,,6.424737E-05,,,
5,02/02/2022 17:32:08.601,100.004,100.004,1,1,0.00000,3.38990,0.00000,0.00000,0.00000,0.00000,0.00000,,0.01309458,,,
6,02/02/2022 17:32:28.603,120.006,120.006,1,1,0.00000,3.38800,0.00000,0.00000,0.00000,0.00000,0.00000,,7.388904E-06,,,
7,02/02/2022 17:32:48.603,140.006,140.006,1,1,0.00000,3.38652,0.00000,0.00000,0.00000,0.00000,0.00000,,0.01094755,,0,0
8,02/02/2022 17:33:08.604,160.007,160.007,1,1,0.00000,3.38777,0.00000,0.00000,0.00000,0.00000,0.00000,,-5.966342E-06,,,
9,02/02/2022 17:33:28.604,180.007,180.007,1,1,0.00000,3.38816,0.00000,0.00000,0.00000,0.00000,0.00000,,-0.02026026,,,
10,02/02/2022 17:33:48.604,200.007,200.007,1,1,0.00000,3.39028,0.00000,0.00000,0.00000,0.00000,0.00000,,2.500977E-05,,,
11,02/02/2022 17:34:08.605,220.008,220.008,1,1,0.00000,3.38781,0.00000,0.00000,0.00000,0.00000,0.00000,,-0.01491579,,,
12,02/02/2022 17:34:28.606,240.009,240.009,1,1,0.00000,3.38788,0.00000,0.00000,0.00000,0.00000,0.00000,,-0.01756269,,,
13,02/02/2022 17:34:48.606,260.009,260.009,1,1,0.00000,3.38818,0.00000,0.00000,0.00000,0.00000,0.00000,,0.0177177,,0,0
14,02/02/2022 17:35:08.608,280.011,280.011,1,1,0.00000,3.38821,0.00000,0.00000,0.00000,0.00000,0.00000,,0.0177434,,,
15,02/02/2022 17:35:28.608,300.011,300.011,1,1,0.00000,3.38725,0.00000,0.00000,0.00000,0.00000,0.00000,,0.01831716,,,
16,02/02/2022 17:35:48.609,320.012,320.012,1,1,0.00000,3.38887,0.00000,0.00000,0.00000,0.00000,0.00000,,0.0143716,,,
17,02/02/2022 17:36:08.609,340.012,340.012,1,1,0.00000,3.38623,0.00000,0.00000,0.00000,0.00000,0.00000,,-0.02624404,,,
18,02/02/2022 17:36:28.609,360.012,360.012,1,1,0.00000,3.38733,0.00000,0.00000,0.00000,0.00000,0.00000,,0.02799078,,,
19,02/02/2022 17:36:48.611,380.014,380.014,1,1,0.00000,3.38927,0.00000,0.00000,0.00000,0.00000,0.00000,,0.01869856,,0,0
20,02/02/2022 17:37:08.611,400.014,400.014,1,1,0.00000,3.38815,0.00000,0.00000,0.00000,0.00000,0.00000,,-0.01343616,,,
21,02/02/2022 17:37:28.612,420.015,420.015,1,1,0.00000,3.38617,0.00000,0.00000,0.00000,0.00000,0.00000,,1.114244E-05,,,
22,02/02/2022 17:37:48.613,440.016,440.016,1,1,0.00000,3.38741,0.00000,0.00000,0.00000,0.00000,0.00000,,-6.250467E-05,,,
23,02/02/2022 17:38:08.614,460.017,460.017,1,1,0.00000,3.38683,0.00000,0.00000,0.00000,0.00000,0.00000,,-0.01489427,,,
24,02/02/2022 17:38:28.616,480.019,480.019,1,1,0.00000,3.38653,0.00000,0.00000,0.00000,0.00000,0.00000,,4.812985E-05,,,
25,02/02/2022 17:38:48.616,500.019,500.019,1,1,0.00000,3.38846,0.00000,0.00000,0.00000,0.00000,0.00000,,0.01711268,,0,0
26,02/02/2022 17:39:08.617,520.020,520.020,1,1,0.00000,3.38423,0.00000,0.00000,0.00000,0.00000,0.00000,,-0.01560677,,,
27,02/02/2022 17:39:28.617,540.020,540.020,1,1,0.00000,3.38542,0.00000,0.00000,0.00000,0.00000,0.00000,,0.02287585,,,
28,02/02/2022 17:39:48.619,560.022,560.022,1,1,0.00000,3.38877,0.00000,0.00000,0.00000,0.00000,0.00000,,-0.01399898,,,
29,02/02/2022 17:40:08.619,580.022,580.022,1,1,0.00000,3.38509,0.00000,0.00000,0.00000,0.00000,0.00000,,0.006752667,,,
30,02/02/2022 17:40:28.621,600.024,600.024,1,1,0.00000,3.38377,0.00000,0.00000,0.00000,0.00000,0.00000,,0.0190398,,,
31,02/02/2022 17:40:48.623,620.026,620.026,1,1,0.00000,3.38414,0.00000,0.00000,0.00000,0.00000,0.00000,,-5.464583E-05,,0,0
32,02/02/2022 17:41:08.624,640.027,640.027,1,1,0.00000,3.38570,0.00000,0.00000,0.00000,0.00000,0.00000,,-0.0280686,,,
33,02/02/2022 17:41:28.626,660.029,660.029,1,1,0.00000,3.38350,0.00000,0.00000,0.00000,0.00000,0.00000,,0.02494007,,,
34,02/02/2022 17:41:48.627,680.030,680.030,1,1,0.00000,3.38299,0.00000,0.00000,0.00000,0.00000,0.00000,,2.35082E-05,,,
35,02/02/2022 17:42:08.627,700.030,700.030,1,1,0.00000,3.38649,0.00000,0.00000,0.00000,0.00000,0.00000,,-0.0002153405,,,
36,02/02/2022 17:42:28.628,720.031,720.031,1,1,0.00000,3.38233,0.00000,0.00000,0.00000,0.00000,0.00000,,-5.792633E-05,,,
37,02/02/2022 17:42:48.629,740.032,740.032,1,1,0.00000,3.38272,0.00000,0.00000,0.00000,0.00000,0.00000,,-0.02070781,,0,0
38,02/02/2022 17:43:08.630,760.033,760.033,1,1,0.00000,3.38409,0.00000,0.00000,0.00000,0.00000,0.00000,,0.02496142,,,
39,02/02/2022 17:43:28.631,780.034,780.034,1,1,0.00000,3.38233,0.00000,0.00000,0.00000,0.00000,0.00000,,-0.01861017,,,
40,02/02/2022 17:43:48.631,800.034,800.034,1,1,0.00000,3.38199,0.00000,0.00000,0.00000,0.00000,0.00000,,-0.02279657,,,
41,02/02/2022 17:44:08.632,820.036,820.035,1,1,0.00000,3.38075,0.00000,0.00000,0.00000,0.00000,0.00000,,-0.02192032,,,
42,02/02/2022 17:44:28.634,840.037,840.037,1,1,0.00000,3.37993,0.00000,0.00000,0.00000,0.00000,0.00000,,-0.01789052,,,
43,02/02/2022 17:44:48.634,860.038,860.037,1,1,0.00000,3.37870,0.00000,0.00000,0.00000,0.00000,0.00000,,-6.598646E-06,,0,0
44,02/02/2022 17:45:08.635,880.038,880.038,1,1,0.00000,3.37954,0.00000,0.00000,0.00000,0.00000,0.00000,,0.01802386,,,
45,02/02/2022 17:45:28.635,900.038,900.038,1,1,0.00000,3.37846,0.00000,0.00000,0.00000,0.00000,0.00000,,-0.01497111,,,
46,02/02/2022 17:45:48.637,920.040,920.040,1,1,0.00000,3.37793,0.00000,0.00000,0.00000,0.00000,0.00000,,0.02604822,,,
47,02/02/2022 17:46:08.637,940.040,940.040,1,1,0.00000,3.37653,0.00000,0.00000,0.00000,0.00000,0.00000,,-1.019356E-05,,,
48,02/02/2022 17:46:28.638,960.041,960.041,1,1,0.00000,3.37817,0.00000,0.00000,0.00000,0.00000,0.00000,,-0.02515457,,,
49,02/02/2022 17:46:48.638,980.041,980.041,1,1,0.00000,3.37531,0.00000,0.00000,0.00000,0.00000,0.00000,,0.02577657,,0,0
50,02/02/2022 17:47:08.640,1000.043,1000.043,1,1,0.00000,3.37608,0.00000,0.00000,0.00000,0.00000,0.00000,,-0.01367582,,,
51,02/02/2022 17:47:28.641,1020.044,1020.044,1,1,0.00000,3.37477,0.00000,0.00000,0.00000,0.00000,0.00000,,1.750405E-05,,,
52,02/02/2022 17:47:48.642,1040.045,1040.045,1,1,0.00000,3.37467,0.00000,0.00000,0.00000,0.00000,0.00000,,-0.01456551,,,
53,02/02/2022 17:48:08.643,1060.046,1060.046,1,1,0.00000,3.37765,0.00000,0.00000,0.00000,0.00000,0.00000,,-0.01349091,,,
54,02/02/2022 17:48:28.644,1080.047,1080.047,1,1,0.00000,3.37282,0.00000,0.00000,0.00000,0.00000,0.00000,,-3.441569E-05,,,
55,02/02/2022 17:48:48.645,1100.048,1100.048,1,1,0.00000,3.37170,0.00000,0.00000,0.00000,0.00000,0.00000,,0.01751164,,0,0
56,02/02/2022 17:49:08.645,1120.048,1120.048,1,1,0.00000,3.37443,0.00000,0.00000,0.00000,0.00000,0.00000,,-0.01566595,,,
57,02/02/2022 17:49:28.645,1140.049,1140.048,1,1,0.00000,3.37059,0.00000,0.00000,0.00000,0.00000,0.00000,,0.009259359,,,
58,02/02/2022 17:49:48.648,1160.051,1160.051,1,1,0.00000,3.36944,0.00000,0.00000,0.00000,0.00000,0.00000,,-0.01985802,,,
59,02/02/2022 17:50:08.648,1180.051,1180.051,1,1,0.00000,3.36932,0.00000,0.00000,0.00000,0.00000,0.00000,,0.01804735,,,
60,02/02/2022 17:50:28.650,1200.053,1200.053,1,1,0.00000,3.36752,0.00000,0.00000,0.00000,0.00000,0.00000,,-0.0191486,,,
61,02/02/2022 17:50:48.651,1220.054,1220.054,1,1,0.00000,3.36744,0.00000,0.00000,0.00000,0.00000,0.00000,,-3.394098E-05,,0,
62,02/02/2022 17:51:08.652,1240.055,1240.055,1,1,0.00000,3.36796,0.00000,0.00000,0.00000,0.00000,0.00000,,-0.02010212,,,
63,02/02/2022 17:51:28.653,1260.056,1260.056,1,1,0.00000,3.36732,0.00000,0.00000,0.00000,0.00000,0.00000,,-0.01578179,,,
64,02/02/2022 17:51:48.653,1280.056,1280.056,1,1,0.00000,3.36558,0.00000,0.00000,0.00000,0.00000,0.00000,,-0.02684915,,,
65,02/02/2022 17:52:08.653,1300.056,1300.056,1,1,0.00000,3.36548,0.00000,0.00000,0.00000,0.00000,0.00000,,-0.02055863,,,
66,02/02/2022 17:52:28.655,1320.058,1320.058,1,1,0.00000,3.36772,0.00000,0.00000,0.00000,0.00000,0.00000,,-5.401407E-05,,,
67,02/02/2022 17:52:48.655,1340.058,1340.058,1,1,0.00000,3.36433,0.00000,0.00000,0.00000,0.00000,0.00000,,-1.304011E-06,,0,
68,02/02/2022 17:53:08.657,1360.060,1360.060,1,1,0.00000,3.36200,0.00000,0.00000,0.00000,0.00000,0.00000,,-6.176269E-05,,,
69,02/02/2022 17:53:28.658,1380.061,1380.061,1,1,0.00000,3.36106,0.00000,0.00000,0.00000,0.00000,0.00000,,0.02036982,,,
70,02/02/2022 17:53:48.661,1400.064,1400.064,1,1,0.00000,3.36081,0.00000,0.00000,0.00000,0.00000,0.00000,,-0.01891677,,,
71,02/02/2022 17:54:08.662,1420.065,1420.065,1,1,0.00000,3.35921,0.00000,0.00000,0.00000,0.00000,0.00000,,-7.855025E-05,,,
72,02/02/2022 17:54:28.663,1440.066,1440.066,1,1,0.00000,3.35961,0.00000,0.00000,0.00000,0.00000,0.00000,,0.01427672,,,
73,02/02/2022 17:54:48.665,1460.068,1460.068,1,1,0.00000,3.35692,0.00000,0.00000,0.00000,0.00000,0.00000,,-0.01443757,,0,
74,02/02/2022 17:55:08.665,1480.069,1480.068,1,1,0.00000,3.35876,0.00000,0.00000,0.00000,0.00000,0.00000,,-0.01644075,,,
75,02/02/2022 17:55:28.668,1500.071,1500.071,1,1,0.00000,3.35919,0.00000,0.00000,0.00000,0.00000,0.00000,,0.01359055,,,
76,02/02/2022 17:55:48.668,1520.071,1520.071,1,1,0.00000,3.35714,0.00000,0.00000,0.00000,0.00000,0.00000,,-0.02301219,,,
77,02/02/2022 17:56:08.670,1540.073,1540.073,1,1,0.00000,3.35254,0.00000,0.00000,0.00000,0.00000,0.00000,,-0.01941685,,,
78,02/02/2022 17:56:28.671,1560.075,1560.074,1,1,0.00000,3.35604,0.00000,0.00000,0.00000,0.00000,0.00000,,-0.01777855,,,
79,02/02/2022 17:56:48.672,1580.075,1580.075,1,1,0.00000,3.35544,0.00000,0.00000,0.00000,0.00000,0.00000,,-0.000889176,,0,
80,02/02/2022 17:57:08.674,1600.077,1600.077,1,1,0.00000,3.35358,0.00000,0.00000,0.00000,0.00000,0.00000,,6.34176E-05,,,
81,02/02/2022 17:57:28.676,1620.080,1620.079,1,1,0.00000,3.35144,0.00000,0.00000,0.00000,0.00000,0.00000,,0.02065471,,,
82,02/02/2022 17:57:48.677,1640.080,1640.080,1,1,0.00000,3.35380,0.00000,0.00000,0.00000,0.00000,0.00000,,-3.481313E-05,,,
83,02/02/2022 17:58:08.678,1660.081,1660.081,1,1,0.00000,3.35039,0.00000,0.00000,0.00000,0.00000,0.00000,,3.287224E-05,,,
84,02/02/2022 17:58:28.679,1680.082,1680.082,1,1,0.00000,3.34923,0.00000,0.00000,0.00000,0.00000,0.00000,,0.01856536,,,
85,02/02/2022 17:58:48.681,1700.084,1700.084,1,1,0.00000,3.34794,0.00000,0.00000,0.00000,0.00000,0.00000,,-0.01252369,,0,
86,02/02/2022 17:59:08.682,1720.085,1720.085,1,1,0.00000,3.34529,0.00000,0.00000,0.00000,0.00000,0.00000,,-5.993703E-05,,,
87,02/02/2022 17:59:28.683,1740.086,1740.086,1,1,0.00000,3.34761,0.00000,0.00000,0.00000,0.00000,0.00000,,-0.02253151,,,
88,02/02/2022 17:59:48.685,1760.088,1760.088,1,1,0.00000,3.34916,0.00000,0.00000,0.00000,0.00000,0.00000,,-0.005590816,,,
89,02/02/2022 18:00:08.685,1780.088,1780.088,1,1,0.00000,3.34433,0.00000,0.00000,0.00000,0.00000,0.00000,,-0.0001038441,,,
90,02/02/2022 18:00:28.685,1800.089,1800.088,1,1,0.00000,3.34047,0.00000,0.00000,0.00000,0.00000,0.00000,,0.01635133,,,
91,02/02/2022 18:00:48.687,1820.090,1820.090,1,1,0.00000,3.34461,0.00000,0.00000,0.00000,0.00000,0.00000,,-0.02286598,,0,
92,02/02/2022 18:01:08.689,1840.092,1840.092,1,1,0.00000,3.34090,0.00000,0.00000,0.00000,0.00000,0.00000,,-0.02359842,,,
93,02/02/2022 18:01:28.689,1860.092,1860.092,1,1,0.00000,3.34198,0.00000,0.00000,0.00000,0.00000,0.00000,,0.01685607,,,
94,02/02/2022 18:01:48.691,1880.094,1880.094,1,1,0.00000,3.33925,0.00000,0.00000,0.00000,0.00000,0.00000,,-0.01558267,,,
95,02/02/2022 18:02:08.692,1900.095,1900.095,1,1,0.00000,3.33879,0.00000,0.00000,0.00000,0.00000,0.00000,,-0.0237716,,,
96,02/02/2022 18:02:28.693,1920.096,1920.096,1,1,0.00000,3.33980,0.00000,0.00000,0.00000,0.00000,0.00000,,-0.0155235,,,
97,02/02/2022 18:02:48.693,1940.097,1940.096,1,1,0.00000,3.33300,0.00000,0.00000,0.00000,0.00000,0.00000,,-0.01658344,,0,
98,02/02/2022 18:03:08.694,1960.097,1960.097,1,1,0.00000,3.33406,0.00000,0.00000,0.00000,0.00000,0.00000,,0.02054173,,,
99,02/02/2022 18:03:28.695,1980.098,1980.098,1,1,0.00000,3.33556,0.00000,0.00000,0.00000,0.00000,0.00000,,0.03117952,,,
100,02/02/2022 18:03:48.696,2000.100,2000.099,1,1,0.00000,3.33608,0.00000,0.00000,0.00000,0.00000,0.00000,,0.01357243,,,
101,02/02/2022 18:04:08.697,2020.100,2020.100,1,1,0.00000,3.33254,0.00000,0.00000,0.00000,0.00000,0.00000,,-0.000612007,,,
102,02/02/2022 18:04:28.698,2040.101,2040.101,1,1,0.00000,3.33048,0.00000,0.00000,0.00000,0.00000,0.00000,,-0.0001897796,,,
103,02/02/2022 18:04:48.699,2060.102,2060.102,1,1,0.00000,3.32892,0.00000,0.00000,0.00000,0.00000,0.00000,,0.01910432,,0,
104,02/02/2022 18:05:08.699,2080.102,2080.102,1,1,0.00000,3.32883,0.00000,0.00000,0.00000,0.00000,0.00000,,3.643085E-05,,,
105,02/02/2022 18:05:28.700,2100.103,2100.103,1,1,0.00000,3.32562,0.00000,0.00000,0.00000,0.00000,0.00000,,-0.01762764,,,
106,02/02/2022 18:05:48.701,2120.104,2120.104,1,1,0.00000,3.32679,0.00000,0.00000,0.00000,0.00000,0.00000,,0.02601644,,,
107,02/02/2022 18:06:08.702,2140.105,2140.105,1,1,0.00000,3.32454,0.00000,0.00000,0.00000,0.00000,0.00000,,0.02755285,,,
108,02/02/2022 18:06:28.702,2160.105,2160.105,1,1,0.00000,3.32408,0.00000,0.00000,0.00000,0.00000,0.00000,,-0.0273432,,,
109,02/02/2022 18:06:48.703,2180.106,2180.106,1,1,0.00000,3.32231,0.00000,0.00000,0.00000,0.00000,0.00000,,-0.02032216,,0,
110,02/02/2022 18:07:08.703,2200.106,2200.106,1,1,0.00000,3.32190,0.00000,0.00000,0.00000,0.00000,0.00000,,0.01877531,,,
111,02/02/2022 18:07:28.704,2220.107,2220.107,1,1,0.00000,3.32172,0.00000,0.00000,0.00000,0.00000,0.00000,,0.01427258,,,
112,02/02/2022 18:07:48.706,2240.109,2240.109,1,1,0.00000,3.31886,0.00000,0.00000,0.00000,0.00000,0.00000,,-0.01889098,,,
113,02/02/2022 18:08:08.707,2260.110,2260.110,1,1,0.00000,3.31752,0.00000,0.00000,0.00000,0.00000,0.00000,,0.02748587,,,
114,02/02/2022 18:08:28.708,2280.111,2280.111,1,1,0.00000,3.31693,0.00000,0.00000,0.00000,0.00000,0.00000,,-0.02174434,,,
115,02/02/2022 18:08:48.709,2300.112,2300.112,1,1,0.00000,3.31645,0.00000,0.00000,0.00000,0.00000,0.00000,,-0.01913053,,0,
116,02/02/2022 18:09:08.710,2320.113,2320.113,1,1,0.00000,3.31174,0.00000,0.00000,0.00000,0.00000,0.00000,,-0.02731746,,,
117,02/02/2022 18:09:28.711,2340.114,2340.114,1,1,0.00000,3.31270,0.00000,0.00000,0.00000,0.00000,0.00000,,0.01924048,,,
118,02/02/2022 18:09:48.712,2360.115,2360.115,1,1,0.00000,3.31243,0.00000,0.00000,0.00000,0.00000,0.00000,,0.03293314,,,
119,02/02/2022 18:10:08.712,2380.116,2380.115,1,1,0.00000,3.31117,0.00000,0.00000,0.00000,0.00000,0.00000,,-2.528802E-06,,,
120,02/02/2022 18:10:28.714,2400.117,2400.117,1,1,0.00000,3.31275,0.00000,0.00000,0.00000,0.00000,0.00000,,0.01865451,,,
121,02/02/2022 18:10:48.715,2420.118,2420.118,1,1,0.00000,3.30820,0.00000,0.00000,0.00000,0.00000,0.00000,,0.01741544,,0,
122,02/02/2022 18:11:08.715,2440.118,2440.118,1,1,0.00000,3.30987,0.00000,0.00000,0.00000,0.00000,0.00000,,0.0004402847,,,
123,02/02/2022 18:11:28.716,2460.119,2460.119,1,1,0.00000,3.30633,0.00000,0.00000,0.00000,0.00000,0.00000,,-0.02889761,,,
124,02/02/2022 18:11:48.716,2480.119,2480.119,1,1,0.00000,3.30752,0.00000,0.00000,0.00000,0.00000,0.00000,,-4.816617E-05,,,
125,02/02/2022 18:12:08.717,2500.121,2500.120,1,1,0.00000,3.30159,0.00000,0.00000,0.00000,0.00000,0.00000,,0.03312096,,,
126,02/02/2022 18:12:28.718,2520.121,2520.121,1,1,0.00000,3.30083,0.00000,0.00000,0.00000,0.00000,0.00000,,-0.02287766,,,
127,02/02/2022 18:12:48.720,2540.123,2540.123,1,1,0.00000,3.30205,0.00000,0.00000,0.00000,0.00000,0.00000,,-0.02064463,,,
128,02/02/2022 18:13:08.720,2560.123,2560.123,1,1,0.00000,3.29733,0.00000,0.00000,0.00000,0.00000,0.00000,,-0.009315653,,0,
129,02/02/2022 18:13:28.721,2580.124,2580.124,1,1,0.00000,3.29664,0.00000,0.00000,0.00000,0.00000,0.00000,,-0.02096206,,,
130,02/02/2022 18:13:48.722,2600.125,2600.125,1,1,0.00000,3.30016,0.00000,0.00000,0.00000,0.00000,0.00000,,0.01839409,,,
131,02/02/2022 18:14:08.723,2620.127,2620.126,1,1,0.00000,3.29547,0.00000,0.00000,0.00000,0.00000,0.00000,,0.0191767,,,
132,02/02/2022 18:14:28.725,2640.129,2640.128,1,1,0.00000,3.29521,0.00000,0.00000,0.00000,0.00000,0.00000,,-0.0163248,,,
133,02/02/2022 18:14:48.727,2660.130,2660.130,1,1,0.00000,3.29389,0.00000,0.00000,0.00000,0.00000,0.00000,,-5.587534E-05,,,
134,02/02/2022 18:15:08.729,2680.132,2680.132,1,1,0.00000,3.29336,0.00000,0.00000,0.00000,0.00000,0.00000,,-0.01793897,,0,
135,02/02/2022 18:15:28.729,2700.132,2700.132,1,1,0.00000,3.29206,0.00000,0.00000,0.00000,0.00000,0.00000,,-0.01232076,,,
136,02/02/2022 18:15:48.730,2720.133,2720.133,1,1,0.00000,3.28954,0.00000,0.00000,0.00000,0.00000,0.00000,,-0.01974707,,,
137,02/02/2022 18:16:08.731,2740.134,2740.134,1,1,0.00000,3.28970,0.00000,0.00000,0.00000,0.00000,0.00000,,0.01267089,,,
138,02/02/2022 18:16:28.732,2760.135,2760.135,1,1,0.00000,3.28441,0.00000,0.00000,0.00000,0.00000,0.00000,,-0.01863522,,,
139,02/02/2022 18:16:48.733,2780.137,2780.136,1,1,0.00000,3.28442,0.00000,0.00000,0.00000,0.00000,0.00000,,0.01761135,,,
140,02/02/2022 18:17:08.734,2800.137,2800.137,1,1,0.00000,3.28332,0.00000,0.00000,0.00000,0.00000,0.00000,,-0.0001083544,,0,
141,02/02/2022 18:17:28.737,2820.140,2820.140,1,1,0.00000,3.28269,0.00000,0.00000,0.00000,0.00000,0.00000,,-0.01621964,,,
142,02/02/2022 18:17:48.737,2840.140,2840.140,1,1,0.00000,3.27946,0.00000,0.00000,0.00000,0.00000,0.00000,,0.01358461,,,
143,02/02/2022 18:18:08.738,2860.141,2860.141,1,1,0.00000,3.28221,0.00000,0.00000,0.00000,0.00000,0.00000,,0.0227832,,,
144,02/02/2022 18:18:28.739,2880.142,2880.142,1,1,0.00000,3.28159,0.00000,0.00000,0.00000,0.00000,0.00000,,-0.0260697,,,
145,02/02/2022 18:18:48.740,2900.143,2900.143,1,1,0.00000,3.27824,0.00000,0.00000,0.00000,0.00000,0.00000,,-0.01723331,,,
146,02/02/2022 18:19:08.740,2920.144,2920.143,1,1,0.00000,3.27870,0.00000,0.00000,0.00000,0.00000,0.00000,,0.0008394904,,0,
147,02/02/2022 18:19:28.741,2940.145,2940.144,1,1,0.00000,3.27653,0.00000,0.00000,0.00000,0.00000,0.00000,,-1.912406E-05,,,
148,02/02/2022 18:19:48.742,2960.145,2960.145,1,1,0.00000,3.27544,0.00000,0.00000,0.00000,0.00000,0.00000,,0.01230553,,,
149,02/02/2022 18:20:08.743,2980.146,2980.146,1,1,0.00000,3.27475,0.00000,0.00000,0.00000,0.00000,0.00000,,0.01724186,,,
150,02/02/2022 18:20:28.744,3000.147,3000.147,1,1,0.00000,3.27250,0.00000,0.00000,0.00000,0.00000,0.00000,,-0.01929293,,,
151,02/02/2022 18:20:48.745,3020.148,3020.148,1,1,0.00000,3.27173,0.00000,0.00000,0.00000,0.00000,0.00000,,-0.0001907049,,,
152,02/02/2022 18:21:08.745,3040.148,3040.148,1,1,0.00000,3.27034,0.00000,0.00000,0.00000,0.00000,0.00000,,-0.0166662,,0,
153,02/02/2022 18:21:28.746,3060.149,3060.149,1,1,0.00000,3.26927,0.00000,0.00000,0.00000,0.00000,0.00000,,0.01820855,,,
154,02/02/2022 18:21:48.748,3080.151,3080.151,1,1,0.00000,3.27048,0.00000,0.00000,0.00000,0.00000,0.00000,,-0.0001050714,,,
155,02/02/2022 18:22:08.748,3100.151,3100.151,1,1,0.00000,3.26405,0.00000,0.00000,0.00000,0.00000,0.00000,,0.01862543,,,
156,02/02/2022 18:22:28.750,3120.153,3120.153,1,1,0.00000,3.26692,0.00000,0.00000,0.00000,0.00000,0.00000,,-7.51578E-05,,,
157,02/02/2022 18:22:48.751,3140.154,3140.154,1,1,0.00000,3.26682,0.00000,0.00000,0.00000,0.00000,0.00000,,-0.01330848,,,
158,02/02/2022 18:23:08.752,3160.155,3160.155,1,1,0.00000,3.26403,0.00000,0.00000,0.00000,0.00000,0.00000,,0.001539281,,0,
159,02/02/2022 18:23:28.752,3180.156,3180.155,1,1,0.00000,3.26265,0.00000,0.00000,0.00000,0.00000,0.00000,,-0.0271553,,,
160,02/02/2022 18:23:48.754,3200.157,3200.157,1,1,0.00000,3.26202,0.00000,0.00000,0.00000,0.00000,0.00000,,0.01327181,,,
161,02/02/2022 18:24:08.755,3220.158,3220.158,1,1,0.00000,3.26171,0.00000,0.00000,0.00000,0.00000,0.00000,,-0.02477274,,,
162,02/02/2022 18:24:28.757,3240.160,3240.160,1,1,0.00000,3.26165,0.00000,0.00000,0.00000,0.00000,0.00000,,-0.03897158,,,
163,02/02/2022 18:24:48.757,3260.160,3260.160,1,1,0.00000,3.25834,0.00000,0.00000,0.00000,0.00000,0.00000,,-0.0146469,,,
164,02/02/2022 18:25:08.757,3280.160,3280.160,1,1,0.00000,3.25792,0.00000,0.00000,0.00000,0.00000,0.00000,,7.93754E-05,,0,
165,02/02/2022 18:25:28.758,3300.161,3300.161,1,1,0.00000,3.25736,0.00000,0.00000,0.00000,0.00000,0.00000,,-0.02643386,,,
166,02/02/2022 18:25:48.759,3320.163,3320.162,1,1,0.00000,3.25497,0.00000,0.00000,0.00000,0.00000,0.00000,,0.01492856,,,
167,02/02/2022 18:26:08.761,3340.164,3340.164,1,1,0.00000,3.25747,0.00000,0.00000,0.00000,0.00000,0.00000,,0.01337707,,,
168,02/02/2022 18:26:28.762,3360.165,3360.165,1,1,0.00000,3.25538,0.00000,0.00000,0.00000,0.00000,0.00000,,0.01296306,,,
169,02/02/2022 18:26:48.763,3380.166,3380.166,1,1,0.00000,3.25217,0.00000,0.00000,0.00000,0.00000,0.00000,,0.02771446,,,
170,02/02/2022 18:27:08.764,3400.167,3400.167,1,1,0.00000,3.25314,0.00000,0.00000,0.00000,0.00000,0.00000,,0.01617392,,0,
171,02/02/2022 18:27:28.765,3420.168,3420.168,1,1,0.00000,3.25265,0.00000,0.00000,0.00000,0.00000,0.00000,,0.0136892,,,
172,02/02/2022 18:27:48.765,3440.169,3440.168,1,1,0.00000,3.25037,0.00000,0.00000,0.00000,0.00000,0.00000,,-0.01984782,,,
173,02/02/2022 18:28:08.766,3460.169,3460.169,1,1,0.00000,3.25013,0.00000,0.00000,0.00000,0.00000,0.00000,,-0.01767131,,,
174,02/02/2022 18:28:28.766,3480.169,3480.169,1,1,0.00000,3.24799,0.00000,0.00000,0.00000,0.00000,0.00000,,-0.02822972,,,
175,02/02/2022 18:28:48.767,3500.170,3500.170,1,1,0.00000,3.24778,0.00000,0.00000,0.00000,0.00000,0.00000,,0.01862232,,,
176,02/02/2022 18:29:08.767,3520.170,3520.170,1,1,0.00000,3.24674,0.00000,0.00000,0.00000,0.00000,0.00000,,0.01489664,,0,
177,02/02/2022 18:29:28.768,3540.171,3540.171,1,1,0.00000,3.24719,0.00000,0.00000,0.00000,0.00000,0.00000,,0.02605342,,,
178,02/02/2022 18:29:48.769,3560.172,3560.172,1,1,0.00000,3.24449,0.00000,0.00000,0.00000,0.00000,0.00000,,-0.02188026,,,
179,02/02/2022 18:30:08.770,3580.173,3580.173,1,1,0.00000,3.24433,0.00000,0.00000,0.00000,0.00000,0.00000,,-0.01447734,,,
180,02/02/2022 18:30:28.772,3600.175,3600.175,1,1,0.00000,3.24334,0.00000,0.00000,0.00000,0.00000,0.00000,,-4.480758E-05,,,
181,02/02/2022 18:30:48.773,3620.176,3620.176,1,1,0.00000,3.24280,0.00000,0.00000,0.00000,0.00000,0.00000,,-0.01413684,,,
182,02/02/2022 18:31:08.775,3640.178,3640.178,1,1,0.00000,3.24124,0.00000,0.00000,0.00000,0.00000,0.00000,,0.02657646,,0,
183,02/02/2022 18:31:28.775,3660.178,3660.178,1,1,0.00000,3.23887,0.00000,0.00000,0.00000,0.00000,0.00000,,-0.0001837158,,,
184,02/02/2022 18:31:48.777,3680.180,3680.180,1,1,0.00000,3.24268,0.00000,0.00000,0.00000,0.00000,0.00000,,-1.489622E-05,,,
185,02/02/2022 18:32:08.778,3700.181,3700.181,1,1,0.00000,3.24010,0.00000,0.00000,0.00000,0.00000,0.00000,,-0.005682521,,,
186,02/02/2022 18:32:28.780,3720.183,3720.183,1,1,0.00000,3.24017,0.00000,0.00000,0.00000,0.00000,0.00000,,2.453565E-05,,,
187,02/02/2022 18:32:48.780,3740.183,3740.183,1,1,0.00000,3.23978,0.00000,0.00000,0.00000,0.00000,0.00000,,-0.01240332,,,
188,02/02/2022 18:33:08.780,3760.183,3760.183,1,1,0.00000,3.23624,0.00000,0.00000,0.00000,0.00000,0.00000,,-0.02152863,,0,
189,02/02/2022 18:33:28.781,3780.185,3780.184,1,1,0.00000,3.23841,0.00000,0.00000,0.00000,0.00000,0.00000,,0.01612924,,,
190,02/02/2022 18:33:48.783,3800.187,3800.186,1,1,0.00000,3.23843,0.00000,0.00000,0.00000,0.00000,0.00000,,-0.0001281241,,,
191,02/02/2022 18:34:08.784,3820.187,3820.187,1,1,0.00000,3.23553,0.00000,0.00000,0.00000,0.00000,0.00000,,0.01909414,,,
192,02/02/2022 18:34:28.784,3840.188,3840.187,1,1,0.00000,3.23802,0.00000,0.00000,0.00000,0.00000,0.00000,,-0.01741071,,,
193,02/02/2022 18:34:48.785,3860.188,3860.188,1,1,0.00000,3.23388,0.00000,0.00000,0.00000,0.00000,0.00000,,-0.0233104,,,
194,02/02/2022 18:35:08.787,3880.190,3880.190,1,1,0.00000,3.23718,0.00000,0.00000,0.00000,0.00000,0.00000,,0.01844441,,0,
195,02/02/2022 18:35:28.788,3900.191,3900.191,1,1,0.00000,3.23260,0.00000,0.00000,0.00000,0.00000,0.00000,,-0.02641599,,,
196,02/02/2022 18:35:48.789,3920.192,3920.192,1,1,0.00000,3.23413,0.00000,0.00000,0.00000,0.00000,0.00000,,-0.01304112,,,
197,02/02/2022 18:36:08.792,3940.195,3940.195,1,1,0.00000,3.23184,0.00000,0.00000,0.00000,0.00000,0.00000,,2.532774E-05,,,
198,02/02/2022 18:36:28.792,3960.196,3960.195,1,1,0.00000,3.23191,0.00000,0.00000,0.00000,0.00000,0.00000,,-0.01249841,,,
199,02/02/2022 18:36:48.793,3980.196,3980.196,1,1,0.00000,3.23218,0.00000,0.00000,0.00000,0.00000,0.00000,,0.01731147,,,
200,02/02/2022 18:37:08.794,4000.197,4000.197,1,1,0.00000,3.22970,0.00000,0.00000,0.00000,0.00000,0.00000,,0.02015696,,0,
201,02/02/2022 18:37:28.795,4020.198,4020.198,1,1,0.00000,3.22995,0.00000,0.00000,0.00000,0.00000,0.00000,,6.71713E-06,,,
202,02/02/2022 18:37:48.795,4040.198,4040.198,1,1,0.00000,3.22777,0.00000,0.00000,0.00000,0.00000,0.00000,,0.01838402,,,
203,02/02/2022 18:38:08.796,4060.200,4060.199,1,1,0.00000,3.22784,0.00000,0.00000,0.00000,0.00000,0.00000,,-7.858456E-05,,,
204,02/02/2022 18:38:28.796,4080.200,4080.199,1,1,0.00000,3.22488,0.00000,0.00000,0.00000,0.00000,0.00000,,-0.02085889,,,
205,02/02/2022 18:38:48.797,4100.201,4100.200,1,1,0.00000,3.22769,0.00000,0.00000,0.00000,0.00000,0.00000,,0.001430618,,,
206,02/02/2022 18:39:08.798,4120.202,4120.201,1,1,0.00000,3.22658,0.00000,0.00000,0.00000,0.00000,0.00000,,-0.02808155,,0,
207,02/02/2022 18:39:28.799,4140.202,4140.202,1,1,0.00000,3.22622,0.00000,0.00000,0.00000,0.00000,0.00000,,7.46731E-06,,,
208,02/02/2022 18:39:48.800,4160.204,4160.203,1,1,0.00000,3.22772,0.00000,0.00000,0.00000,0.00000,0.00000,,0.00157362,,,
209,02/02/2022 18:40:08.801,4180.204,4180.204,1,1,0.00000,3.22657,0.00000,0.00000,0.00000,0.00000,0.00000,,-0.0229634,,,
210,02/02/2022 18:40:28.802,4200.205,4200.205,1,1,0.00000,3.22631,0.00000,0.00000,0.00000,0.00000,0.00000,,-0.01533564,,,
211,02/02/2022 18:40:48.803,4220.206,4220.206,1,1,0.00000,3.22422,0.00000,0.00000,0.00000,0.00000,0.00000,,0.01703936,,,
212,02/02/2022 18:41:08.803,4240.206,4240.206,1,1,0.00000,3.22530,0.00000,0.00000,0.00000,0.00000,0.00000,,1.224888E-05,,0,
213,02/02/2022 18:41:28.804,4260.207,4260.207,1,1,0.00000,3.22222,0.00000,0.00000,0.00000,0.00000,0.00000,,0.01840164,,,
214,02/02/2022 18:41:48.805,4280.208,4280.208,1,1,0.00000,3.22189,0.00000,0.00000,0.00000,0.00000,0.00000,,0.01898824,,,
215,02/02/2022 18:42:08.805,4300.208,4300.208,1,1,0.00000,3.22369,0.00000,0.00000,0.00000,0.00000,0.00000,,-0.01735753,,,
216,02/02/2022 18:42:28.807,4320.210,4320.210,1,1,0.00000,3.22204,0.00000,0.00000,0.00000,0.00000,0.00000,,1.086585E-05,,,
217,02/02/2022 18:42:48.808,4340.211,4340.211,1,1,0.00000,3.22509,0.00000,0.00000,0.00000,0.00000,0.00000,,0.02020704,,,
218,02/02/2022 18:43:08.808,4360.211,4360.211,1,1,0.00000,3.22051,0.00000,0.00000,0.00000,0.00000,0.00000,,0.01906833,,0,
219,02/02/2022 18:43:28.810,4380.213,4380.213,1,1,0.00000,3.22437,0.00000,0.00000,0.00000,0.00000,0.00000,,-0.02080219,,,
220,02/02/2022 18:43:48.812,4400.215,4400.215,1,1,0.00000,3.22322,0.00000,0.00000,0.00000,0.00000,0.00000,,6.305781E-05,,,
221,02/02/2022 18:44:08.813,4420.216,4420.216,1,1,0.00000,3.22416,0.00000,0.00000,0.00000,0.00000,0.00000,,-0.01921084,,,
222,02/02/2022 18:44:28.813,4440.217,4440.216,1,1,0.00000,3.22462,0.00000,0.00000,0.00000,0.00000,0.00000,,-0.01915127,,,
223,02/02/2022 18:44:48.813,4460.217,4460.216,1,1,0.00000,3.22582,0.00000,0.00000,0.00000,0.00000,0.00000,,-0.01646837,,,
224,02/02/2022 18:45:08.815,4480.219,4480.218,1,1,0.00000,3.22264,0.00000,0.00000,0.00000,0.00000,0.00000,,-0.01323107,,0,
225,02/02/2022 18:45:28.817,4500.221,4500.220,1,1,0.00000,3.22302,0.00000,0.00000,0.00000,0.00000,0.00000,,0.01488787,,,
226,02/02/2022 18:45:48.818,4520.221,4520.221,1,1,0.00000,3.22196,0.00000,0.00000,0.00000,0.00000,0.00000,,1.699039E-06,,,
227,02/02/2022 18:46:08.818,4540.221,4540.221,1,1,0.00000,3.22202,0.00000,0.00000,0.00000,0.00000,0.00000,,-3.39788E-06,,,
228,02/02/2022 18:46:28.820,4560.223,4560.223,1,1,0.00000,3.22248,0.00000,0.00000,0.00000,0.00000,0.00000,,0.020706,,,
229,02/02/2022 18:46:48.822,4580.225,4580.225,1,1,0.00000,3.22122,0.00000,0.00000,0.00000,0.00000,0.00000,,2.797487E-05,,,
230,02/02/2022 18:47:08.822,4600.225,4600.225,1,1,0.00000,3.22026,0.00000,0.00000,0.00000,0.00000,0.00000,,6.152151E-05,,0,
231,02/02/2022 18:47:28.823,4620.226,4620.226,1,1,0.00000,3.22244,0.00000,0.00000,0.00000,0.00000,0.00000,,-4.219658E-05,,,
232,02/02/2022 18:47:48.824,4640.227,4640.227,1,1,0.00000,3.22018,0.00000,0.00000,0.00000,0.00000,0.00000,,-0.02540505,,,
233,02/02/2022 18:48:08.825,4660.228,4660.228,1,1,0.00000,3.21768,0.00000,0.00000,0.00000,0.00000,0.00000,,0.01880942,,,
234,02/02/2022 18:48:28.825,4680.228,4680.228,1,1,0.00000,3.22053,0.00000,0.00000,0.00000,0.00000,0.00000,,3.310958E-05,,,
235,02/02/2022 18:48:48.826,4700.229,4700.229,1,1,0.00000,3.22207,0.00000,0.00000,0.00000,0.00000,0.00000,,-2.513184E-05,,,
236,02/02/2022 18:49:08.826,4720.229,4720.229,1,1,0.00000,3.22148,0.00000,0.00000,0.00000,0.00000,0.00000,,0.01988993,,0,
237,02/02/2022 18:49:28.827,4740.230,4740.230,1,1,0.00000,3.22098,0.00000,0.00000,0.00000,0.00000,0.00000,,1.291963E-05,,,
238,02/02/2022 18:49:48.827,4760.230,4760.230,1,1,0.00000,3.22339,0.00000,0.00000,0.00000,0.00000,0.00000,,-0.0210725,,,
239,02/02/2022 18:50:08.828,4780.231,4780.231,1,1,0.00000,3.22008,0.00000,0.00000,0.00000,0.00000,0.00000,,0.02628179,,,
240,02/02/2022 18:50:28.828,4800.231,4800.231,1,1,0.00000,3.22284,0.00000,0.00000,0.00000,0.00000,0.00000,,0.01392542,,,
241,02/02/2022 18:50:48.828,4820.232,4820.231,1,1,0.00000,3.22224,0.00000,0.00000,0.00000,0.00000,0.00000,,0.01979992,,,
242,02/02/2022 18:51:08.829,4840.232,4840.232,1,1,0.00000,3.22239,0.00000,0.00000,0.00000,0.00000,0.00000,,-0.01488005,,0,
243,02/02/2022 18:51:28.829,4860.233,4860.232,1,1,0.00000,3.22125,0.00000,0.00000,0.00000,0.00000,0.00000,,-0.01000664,,,
244,02/02/2022 18:51:48.831,4880.234,4880.234,1,1,0.00000,3.22165,0.00000,0.00000,0.00000,0.00000,0.00000,,0.009808515,,,
245,02/02/2022 18:52:08.832,4900.235,4900.235,1,1,0.00000,3.21982,0.00000,0.00000,0.00000,0.00000,0.00000,,-0.02108021,,,
246,02/02/2022 18:52:28.832,4920.235,4920.235,1,1,0.00000,3.22132,0.00000,0.00000,0.00000,0.00000,0.00000,,-0.01511194,,,
247,02/02/2022 18:52:48.834,4940.237,4940.237,1,1,0.00000,3.21980,0.00000,0.00000,0.00000,0.00000,0.00000,,8.139648E-05,,,
248,02/02/2022 18:53:08.835,4960.238,4960.238,1,1,0.00000,3.22253,0.00000,0.00000,0.00000,0.00000,0.00000,,0.01764468,,,
249,02/02/2022 18:53:28.836,4980.239,4980.239,1,1,0.00000,3.22173,0.00000,0.00000,0.00000,0.00000,0.00000,,0.02089459,,0,
250,02/02/2022 18:53:48.836,5000.239,5000.239,1,1,0.00000,3.22694,0.00000,0.00000,0.00000,0.00000,0.00000,,4.061585E-05,,,
251,02/02/2022 18:54:08.837,5020.240,5020.240,1,1,0.00000,3.22197,0.00000,0.00000,0.00000,0.00000,0.00000,,-0.01878411,,,
252,02/02/2022 18:54:28.837,5040.240,5040.240,1,1,0.00000,3.22476,0.00000,0.00000,0.00000,0.00000,0.00000,,-0.02062266,,,
253,02/02/2022 18:54:48.839,5060.242,5060.242,1,1,0.00000,3.22076,0.00000,0.00000,0.00000,0.00000,0.00000,,-3.733965E-05,,,
254,02/02/2022 18:55:08.840,5080.243,5080.243,1,1,0.00000,3.22745,0.00000,0.00000,0.00000,0.00000,0.00000,,-0.01702753,,,
255,02/02/2022 18:55:28.841,5100.244,5100.244,1,1,0.00000,3.22548,0.00000,0.00000,0.00000,0.00000,0.00000,,-0.02257895,,0,
256,02/02/2022 18:55:48.842,5120.245,5120.245,1,1,0.00000,3.22236,0.00000,0.00000,0.00000,0.00000,0.00000,,-0.01277703,,,
257,02/02/2022 18:56:08.843,5140.246,5140.246,1,1,0.00000,3.22346,0.00000,0.00000,0.00000,0.00000,0.00000,,-3.78508E-05,,,
258,02/02/2022 18:56:28.845,5160.248,5160.248,1,1,0.00000,3.22586,0.00000,0.00000,0.00000,0.00000,0.00000,,-0.02618653,,,
259,02/02/2022 18:56:48.847,5180.250,5180.250,1,1,0.00000,3.22546,0.00000,0.00000,0.00000,0.00000,0.00000,,3.797154E-05,,,
260,02/02/2022 18:57:08.848,5200.252,5200.251,1,1,0.00000,3.22535,0.00000,0.00000,0.00000,0.00000,0.00000,,-0.01804209,,,
261,02/02/2022 18:57:28.849,5220.252,5220.252,1,1,0.00000,3.22935,0.00000,0.00000,0.00000,0.00000,0.00000,,-0.02516972,,0,
262,02/02/2022 18:57:48.850,5240.253,5240.253,1,1,0.00000,3.22703,0.00000,0.00000,0.00000,0.00000,0.00000,,9.570027E-05,,,
263,02/02/2022 18:58:08.852,5260.255,5260.255,1,1,0.00000,3.22737,0.00000,0.00000,0.00000,0.00000,0.00000,,-0.02159742,,,
264,02/02/2022 18:58:28.853,5280.256,5280.256,1,1,0.00000,3.22760,0.00000,0.00000,0.00000,0.00000,0.00000,,-5.883805E-05,,,
265,02/02/2022 18:58:48.855,5300.258,5300.258,1,1,0.00000,3.22557,0.00000,0.00000,0.00000,0.00000,0.00000,,-0.01343868,,,
266,02/02/2022 18:59:08.856,5320.259,5320.259,1,1,0.00000,3.22974,0.00000,0.00000,0.00000,0.00000,0.00000,,-0.02642147,,,
267,02/02/2022 18:59:28.857,5340.260,5340.260,1,1,0.00000,3.22303,0.00000,0.00000,0.00000,0.00000,0.00000,,-0.0229773,,0,
268,02/02/2022 18:59:48.857,5360.260,5360.260,1,1,0.00000,3.22578,0.00000,0.00000,0.00000,0.00000,0.00000,,-3.544538E-05,,,
269,02/02/2022 19:00:08.859,5380.262,5380.262,1,1,0.00000,3.22634,0.00000,0.00000,0.00000,0.00000,0.00000,,3.192612E-05,,,
270,02/02/2022 19:00:28.860,5400.263,5400.263,1,1,0.00000,3.22604,0.00000,0.00000,0.00000,0.00000,0.00000,,6.242927E-05,,,
271,02/02/2022 19:00:48.861,5420.264,5420.264,1,1,0.00000,3.22797,0.00000,0.00000,0.00000,0.00000,0.00000,,-0.01939086,,,
272,02/02/2022 19:01:08.862,5440.265,5440.265,1,1,0.00000,3.22992,0.00000,0.00000,0.00000,0.00000,0.00000,,-2.544438E-05,,,
273,02/02/2022 19:01:28.864,5460.267,5460.267,1,1,0.00000,3.22817,0.00000,0.00000,0.00000,0.00000,0.00000,,-0.02731992,,0,
274,02/02/2022 19:01:48.864,5480.267,5480.267,1,1,0.00000,3.22976,0.00000,0.00000,0.00000,0.00000,0.00000,,0.01793735,,,
275,02/02/2022 19:02:08.865,5500.269,5500.268,1,1,0.00000,3.23018,0.00000,0.00000,0.00000,0.00000,0.00000,,0.0183366,,,
276,02/02/2022 19:02:28.866,5520.269,5520.269,1,1,0.00000,3.22770,0.00000,0.00000,0.00000,0.00000,0.00000,,-0.01400912,,,
277,02/02/2022 19:02:48.867,5540.271,5540.270,1,1,0.00000,3.22731,0.00000,0.00000,0.00000,0.00000,0.00000,,-0.02541981,,,
278,02/02/2022 19:03:08.868,5560.272,5560.271,1,1,0.00000,3.23036,0.00000,0.00000,0.00000,0.00000,0.00000,,-0.02102643,,,
279,02/02/2022 19:03:28.869,5580.272,5580.272,1,1,0.00000,3.23285,0.00000,0.00000,0.00000,0.00000,0.00000,,-0.0147223,,0,
280,02/02/2022 19:03:48.870,5600.273,5600.273,1,1,0.00000,3.23067,0.00000,0.00000,0.00000,0.00000,0.00000,,-5.413126E-06,,,
281,02/02/2022 19:04:08.870,5620.273,5620.273,1,1,0.00000,3.22941,0.00000,0.00000,0.00000,0.00000,0.00000,,7.957361E-05,,,
282,02/02/2022 19:04:28.870,5640.273,5640.273,1,1,0.00000,3.23342,0.00000,0.00000,0.00000,0.00000,0.00000,,-4.524522E-05,,,
283,02/02/2022 19:04:48.871,5660.274,5660.274,1,1,0.00000,3.23202,0.00000,0.00000,0.00000,0.00000,0.00000,,0.01700522,,,
284,02/02/2022 19:05:08.873,5680.276,5680.276,1,1,0.00000,3.23314,0.00000,0.00000,0.00000,0.00000,0.00000,,-6.906789E-05,,,
285,02/02/2022 19:05:28.874,5700.277,5700.277,1,1,0.00000,3.23304,0.00000,0.00000,0.00000,0.00000,0.00000,,-0.02267253,,0,
286,02/02/2022 19:05:48.874,5720.277,5720.277,1,1,0.00000,3.23470,0.00000,0.00000,0.00000,0.00000,0.00000,,0.0280964,,,
287,02/02/2022 19:06:08.875,5740.278,5740.278,1,1,0.00000,3.23407,0.00000,0.00000,0.00000,0.00000,0.00000,,0.02291857,,,
288,02/02/2022 19:06:28.876,5760.279,5760.279,1,1,0.00000,3.23489,0.00000,0.00000,0.00000,0.00000,0.00000,,-0.01488839,,,
289,02/02/2022 19:06:48.876,5780.279,5780.279,1,1,0.00000,3.23726,0.00000,0.00000,0.00000,0.00000,0.00000,,6.622738E-05,,,
290,02/02/2022 19:07:08.877,5800.280,5800.280,1,1,0.00000,3.23721,0.00000,0.00000,0.00000,0.00000,0.00000,,-5.022001E-05,,,
291,02/02/2022 19:07:28.877,5820.281,5820.280,1,1,0.00000,3.23982,0.00000,0.00000,0.00000,0.00000,0.00000,,0.01197522,,0,
292,02/02/2022 19:07:48.879,5840.282,5840.282,1,1,0.00000,3.24249,0.00000,0.00000,0.00000,0.00000,0.00000,,-5.345646E-05,,,
293,02/02/2022 19:08:08.880,5860.283,5860.283,1,1,0.00000,3.23910,0.00000,0.00000,0.00000,0.00000,0.00000,,0.02018043,,,
294,02/02/2022 19:08:28.881,5880.284,5880.284,1,1,0.00000,3.24272,0.00000,0.00000,0.00000,0.00000,0.00000,,0.01795956,,,
295,02/02/2022 19:08:48.881,5900.284,5900.284,1,1,0.00000,3.24159,0.00000,0.00000,0.00000,0.00000,0.00000,,6.321533E-07,,,
296,02/02/2022 19:09:08.881,5920.284,5920.284,1,1,0.00000,3.24169,0.00000,0.00000,0.00000,0.00000,0.00000,,0.0006355937,,,
297,02/02/2022 19:09:28.881,5940.284,5940.284,1,1,0.00000,3.24248,0.00000,0.00000,0.00000,0.00000,0.00000,,-0.01375263,,0,
298,02/02/2022 19:09:48.882,5960.285,5960.285,1,1,0.00000,3.24315,0.00000,0.00000,0.00000,0.00000,0.00000,,1.868819E-05,,,
299,02/02/2022 19:10:08.883,5980.286,5980.286,1,1,0.00000,3.24167,0.00000,0.00000,0.00000,0.00000,0.00000,,-0.01834509,,,
300,02/02/2022 19:10:28.883,6000.286,6000.286,1,1,0.00000,3.24666,0.00000,0.00000,0.00000,0.00000,0.00000,,0.02065651,,,
301,02/02/2022 19:10:48.885,6020.288,6020.288,1,1,0.00000,3.24465,0.00000,0.00000,0.00000,0.00000,0.00000,,0.01803033,,,
302,02/02/2022 19:11:08.886,6040.289,6040.289,1,1,0.00000,3.24526,0.00000,0.00000,0.00000,0.00000,0.00000,,0.02741899,,,
303,02/02/2022 19:11:28.887,6060.290,6060.290,1,1,0.00000,3.24707,0.00000,0.00000,0.00000,0.00000,0.00000,,0.0001465419,,0,
304,02/02/2022 19:11:48.888,6080.291,6080.291,1,1,0.00000,3.24798,0.00000,0.00000,0.00000,0.00000,0.00000,,-0.02506484,,,
305,02/02/2022 19:12:08.889,6100.292,6100.292,1,1,0.00000,3.24811,0.00000,0.00000,0.00000,0.00000,0.00000,,-0.02524727,,,
306,02/02/2022 19:12:28.889,6120.292,6120.292,1,1,0.00000,3.24721,0.00000,0.00000,0.00000,0.00000,0.00000,,0.0002680699,,,
307,02/02/2022 19:12:48.889,6140.293,6140.292,1,1,0.00000,3.24962,0.00000,0.00000,0.00000,0.00000,0.00000,,0.01841984,,,
308,02/02/2022 19:13:08.890,6160.293,6160.293,1,1,0.00000,3.25148,0.00000,0.00000,0.00000,0.00000,0.00000,,0.01148974,,,
309,02/02/2022 19:13:28.891,6180.294,6180.294,1,1,0.00000,3.25384,0.00000,0.00000,0.00000,0.00000,0.00000,,-0.02910694,,0,
310,02/02/2022 19:13:48.892,6200.295,6200.295,1,1,0.00000,3.25721,0.00000,0.00000,0.00000,0.00000,0.00000,,2.248263E-05,,,
311,02/02/2022 19:14:08.893,6220.296,6220.296,1,1,0.00000,3.25361,0.00000,0.00000,0.00000,0.00000,0.00000,,-0.02351321,,,
312,02/02/2022 19:14:28.893,6240.296,6240.296,1,1,0.00000,3.25610,0.00000,0.00000,0.00000,0.00000,0.00000,,0.0003327306,,,
313,02/02/2022 19:14:48.893,6260.296,6260.296,1,1,0.00000,3.25684,0.00000,0.00000,0.00000,0.00000,0.00000,,0.01386483,,,
314,02/02/2022 19:15:08.894,6280.297,6280.297,1,1,0.00000,3.25839,0.00000,0.00000,0.00000,0.00000,0.00000,,0.01914836,,,
315,02/02/2022 19:15:28.894,6300.297,6300.297,1,1,0.00000,3.25874,0.00000,0.00000,0.00000,0.00000,0.00000,,-0.01477344,,0,
316,02/02/2022 19:15:48.895,6320.298,6320.298,1,1,0.00000,3.26028,0.00000,0.00000,0.00000,0.00000,0.00000,,-0.02063742,,,
317,02/02/2022 19:16:08.897,6340.300,6340.300,1,1,0.00000,3.26014,0.00000,0.00000,0.00000,0.00000,0.00000,,-0.02266597,,,
318,02/02/2022 19:16:28.898,6360.301,6360.301,1,1,0.00000,3.25897,0.00000,0.00000,0.00000,0.00000,0.00000,,0.01128957,,,
319,02/02/2022 19:16:48.899,6380.302,6380.302,1,1,0.00000,3.26244,0.00000,0.00000,0.00000,0.00000,0.00000,,0.02016979,,,
320,02/02/2022 19:17:08.899,6400.302,6400.302,1,1,0.00000,3.26399,0.00000,0.00000,0.00000,0.00000,0.00000,,-0.01553884,,,
321,02/02/2022 19:17:28.900,6420.303,6420.303,1,1,0.00000,3.26614,0.00000,0.00000,0.00000,0.00000,0.00000,,0.01719597,,0,
322,02/02/2022 19:17:48.901,6440.304,6440.304,1,1,0.00000,3.26390,0.00000,0.00000,0.00000,0.00000,0.00000,,0.019058,,,
323,02/02/2022 19:18:08.904,6460.307,6460.307,1,1,0.00000,3.26667,0.00000,0.00000,0.00000,0.00000,0.00000,,4.038414E-05,,,
324,02/02/2022 19:18:28.904,6480.307,6480.307,1,1,0.00000,3.26645,0.00000,0.00000,0.00000,0.00000,0.00000,,5.464945E-05,,,
325,02/02/2022 19:18:48.904,6500.307,6500.307,1,1,0.00000,3.26720,0.00000,0.00000,0.00000,0.00000,0.00000,,-5.970343E-05,,,
326,02/02/2022 19:19:08.904,6520.307,6520.307,1,1,0.00000,3.26977,0.00000,0.00000,0.00000,0.00000,0.00000,,-0.0248031,,,
327,02/02/2022 19:19:28.906,6540.309,6540.309,1,1,0.00000,3.27119,0.00000,0.00000,0.00000,0.00000,0.00000,,4.990722E-05,,0,
328,02/02/2022 19:19:48.907,6560.310,6560.310,1,1,0.00000,3.27443,0.00000,0.00000,0.00000,0.00000,0.00000,,0.001544594,,,
329,02/02/2022 19:20:08.907,6580.311,6580.310,1,1,0.00000,3.27172,0.00000,0.00000,0.00000,0.00000,0.00000,,0.01359055,,,
330,02/02/2022 19:20:28.908,6600.311,6600.311,1,1,0.00000,3.27306,0.00000,0.00000,0.00000,0.00000,0.00000,,-0.02179665,,,
331,02/02/2022 19:20:48.909,6620.313,6620.312,1,1,0.00000,3.27276,0.00000,0.00000,0.00000,0.00000,0.00000,,0.02061991,,,
332,02/02/2022 19:21:08.910,6640.313,6640.313,1,1,0.00000,3.27698,0.00000,0.00000,0.00000,0.00000,0.00000,,-0.02830193,,,
333,02/02/2022 19:21:28.911,6660.314,6660.314,1,1,0.00000,3.27498,0.00000,0.00000,0.00000,0.00000,0.00000,,0.01937895,,0,
334,02/02/2022 19:21:48.913,6680.316,6680.316,1,1,0.00000,3.27668,0.00000,0.00000,0.00000,0.00000,0.00000,,-0.02119,,,
335,02/02/2022 19:22:08.914,6700.317,6700.317,1,1,0.00000,3.28080,0.00000,0.00000,0.00000,0.00000,0.00000,,0.01355201,,,
336,02/02/2022 19:22:28.915,6720.318,6720.318,1,1,0.00000,3.27879,0.00000,0.00000,0.00000,0.00000,0.00000,,0.0192413,,,
337,02/02/2022 19:22:48.916,6740.319,6740.319,1,1,0.00000,3.28227,0.00000,0.00000,0.00000,0.00000,0.00000,,4.239694E-05,,,
338,02/02/2022 19:23:08.917,6760.320,6760.320,1,1,0.00000,3.28032,0.00000,0.00000,0.00000,0.00000,0.00000,,-0.02258702,,,
339,02/02/2022 19:23:28.917,6780.320,6780.320,1,1,0.00000,3.28234,0.00000,0.00000,0.00000,0.00000,0.00000,,-0.02177566,,0,
340,02/02/2022 19:23:48.918,6800.321,6800.321,1,1,0.00000,3.28194,0.00000,0.00000,0.00000,0.00000,0.00000,,7.424404E-05,,,
341,02/02/2022 19:24:08.919,6820.322,6820.322,1,1,0.00000,3.28840,0.00000,0.00000,0.00000,0.00000,0.00000,,0.01476401,,,
342,02/02/2022 19:24:28.921,6840.324,6840.324,1,1,0.00000,3.28838,0.00000,0.00000,0.00000,0.00000,0.00000,,-0.02528663,,,
343,02/02/2022 19:24:48.921,6860.324,6860.324,1,1,0.00000,3.28636,0.00000,0.00000,0.00000,0.00000,0.00000,,-5.852193E-05,,,
344,02/02/2022 19:25:08.921,6880.324,6880.324,1,1,0.00000,3.28761,0.00000,0.00000,0.00000,0.00000,0.00000,,-0.01321911,,,
345,02/02/2022 19:25:28.923,6900.326,6900.326,1,1,0.00000,3.29148,0.00000,0.00000,0.00000,0.00000,0.00000,,0.0110507,,0,
346,02/02/2022 19:25:48.924,6920.327,6920.327,1,1,0.00000,3.29099,0.00000,0.00000,0.00000,0.00000,0.00000,,-0.01350115,,,
347,02/02/2022 19:26:08.924,6940.328,6940.327,1,1,0.00000,3.28937,0.00000,0.00000,0.00000,0.00000,0.00000,,-0.02067392,,,
348,02/02/2022 19:26:28.926,6960.329,6960.329,1,1,0.00000,3.29220,0.00000,0.00000,0.00000,0.00000,0.00000,,-0.0005855801,,,
349,02/02/2022 19:26:48.926,6980.329,6980.329,1,1,0.00000,3.29461,0.00000,0.00000,0.00000,0.00000,0.00000,,0.02486365,,,
350,02/02/2022 19:27:08.928,7000.331,7000.331,1,1,0.00000,3.29532,0.00000,0.00000,0.00000,0.00000,0.00000,,-0.02260648,,,
351,02/02/2022 19:27:28.928,7020.332,7020.331,1,1,0.00000,3.29701,0.00000,0.00000,0.00000,0.00000,0.00000,,0.01594088,,0,
352,02/02/2022 19:27:48.929,7040.333,7040.332,1,1,0.00000,3.29567,0.00000,0.00000,0.00000,0.00000,0.00000,,-0.01360639,,,
353,02/02/2022 19:28:08.929,7060.333,7060.332,1,1,0.00000,3.30128,0.00000,0.00000,0.00000,0.00000,0.00000,,0.01551523,,,
354,02/02/2022 19:28:28.930,7080.333,7080.333,1,1,0.00000,3.30071,0.00000,0.00000,0.00000,0.00000,0.00000,,-0.02062815,,,
355,02/02/2022 19:28:48.933,7100.336,7100.336,1,1,0.00000,3.30114,0.00000,0.00000,0.00000,0.00000,0.00000,,-0.01591251,,,
356,02/02/2022 19:29:08.934,7120.337,7120.337,1,1,0.00000,3.30490,0.00000,0.00000,0.00000,0.00000,0.00000,,-0.02183517,,,
357,02/02/2022 19:29:28.934,7140.338,7140.337,1,1,0.00000,3.30540,0.00000,0.00000,0.00000,0.00000,0.00000,,0.01992498,,0,
358,02/02/2022 19:29:48.935,7160.338,7160.338,1,1,0.00000,3.31034,0.00000,0.00000,0.00000,0.00000,0.00000,,-0.02921342,,,
359,02/02/2022 19:30:08.935,7180.338,7180.338,1,1,0.00000,3.31017,0.00000,0.00000,0.00000,0.00000,0.00000,,-0.02902179,,,
360,02/02/2022 19:30:28.936,7200.339,7200.339,1,1,0.00000,3.31510,0.00000,0.00000,0.00000,0.00000,0.00000,,6.606549E-05,,,
361,02/02/2022 19:30:48.937,7220.340,7220.340,1,1,0.00000,3.31565,0.00000,0.00000,0.00000,0.00000,0.00000,,-0.01593864,,,
362,02/02/2022 19:31:08.938,7240.341,7240.341,1,1,0.00000,3.31304,0.00000,0.00000,0.00000,0.00000,0.00000,,-0.01354525,,,
363,02/02/2022 19:31:28.940,7260.343,7260.343,1,1,0.00000,3.31685,0.00000,0.00000,0.00000,0.00000,0.00000,,0.02633644,,0,
364,02/02/2022 19:31:48.940,7280.343,7280.343,1,1,0.00000,3.32039,0.00000,0.00000,0.00000,0.00000,0.00000,,0.01969867,,,
365,02/02/2022 19:32:08.940,7300.343,7300.343,1,1,0.00000,3.32341,0.00000,0.00000,0.00000,0.00000,0.00000,,-0.01531448,,,
366,02/02/2022 19:32:28.942,7320.345,7320.345,1,1,0.00000,3.32300,0.00000,0.00000,0.00000,0.00000,0.00000,,0.01965861,,,
367,02/02/2022 19:32:48.943,7340.346,7340.346,1,1,0.00000,3.32362,0.00000,0.00000,0.00000,0.00000,0.00000,,-0.02256598,,,
368,02/02/2022 19:33:08.945,7360.348,7360.348,1,1,0.00000,3.33078,0.00000,0.00000,0.00000,0.00000,0.00000,,-0.02300695,,,
369,02/02/2022 19:33:28.945,7380.348,7380.348,1,1,0.00000,3.33007,0.00000,0.00000,0.00000,0.00000,0.00000,,8.410615E-05,,,
370,02/02/2022 19:33:48.947,7400.350,7400.350,1,1,0.00000,3.33161,0.00000,0.00000,0.00000,0.00000,0.00000,,0.0001370767,,0,
371,02/02/2022 19:34:08.948,7420.351,7420.351,1,1,0.00000,3.33230,0.00000,0.00000,0.00000,0.00000,0.00000,,0.01899354,,,
372,02/02/2022 19:34:28.948,7440.351,7440.351,1,1,0.00000,3.33570,0.00000,0.00000,0.00000,0.00000,0.00000,,0.01344174,,,
373,02/02/2022 19:34:48.949,7460.353,7460.352,1,1,0.00000,3.33805,0.00000,0.00000,0.00000,0.00000,0.00000,,-0.0316571,,,
374,02/02/2022 19:35:08.951,7480.354,7480.354,1,1,0.00000,3.33943,0.00000,0.00000,0.00000,0.00000,0.00000,,-0.01900124,,,
375,02/02/2022 19:35:28.952,7500.355,7500.355,1,1,0.00000,3.34400,0.00000,0.00000,0.00000,0.00000,0.00000,,0.001603465,,,
376,02/02/2022 19:35:48.954,7520.357,7520.357,1,1,0.00000,3.34352,0.00000,0.00000,0.00000,0.00000,0.00000,,-0.02939315,,0,
377,02/02/2022 19:36:08.954,7540.357,7540.357,1,1,0.00000,3.34454,0.00000,0.00000,0.00000,0.00000,0.00000,,0.01799957,,,
378,02/02/2022 19:36:28.955,7560.358,7560.358,1,1,0.00000,3.34403,0.00000,0.00000,0.00000,0.00000,0.00000,,-0.0207857,,,
379,02/02/2022 19:36:48.955,7580.359,7580.358,1,1,0.00000,3.34858,0.00000,0.00000,0.00000,0.00000,0.00000,,0.01217275,,,
380,02/02/2022 19:37:08.956,7600.359,7600.359,1,1,0.00000,3.35109,0.00000,0.00000,0.00000,0.00000,0.00000,,-0.01425956,,,
381,02/02/2022 19:37:28.956,7620.359,7620.359,1,1,0.00000,3.35547,0.00000,0.00000,0.00000,0.00000,0.00000,,-0.01340367,,,
382,02/02/2022 19:37:48.958,7640.361,7640.361,1,1,0.00000,3.35669,0.00000,0.00000,0.00000,0.00000,0.00000,,-0.01929539,,0,
383,02/02/2022 19:38:08.958,7660.362,7660.361,1,1,0.00000,3.35740,0.00000,0.00000,0.00000,0.00000,0.00000,,-0.02597059,,,
384,02/02/2022 19:38:28.960,7680.363,7680.363,1,1,0.00000,3.35954,0.00000,0.00000,0.00000,0.00000,0.00000,,-0.02460139,,,
385,02/02/2022 19:38:48.961,7700.364,7700.364,1,1,0.00000,3.36019,0.00000,0.00000,0.00000,0.00000,0.00000,,0.00468487,,,
386,02/02/2022 19:39:08.961,7720.364,7720.364,1,1,0.00000,3.36194,0.00000,0.00000,0.00000,0.00000,0.00000,,-0.01220739,,,
387,02/02/2022 19:39:28.962,7740.365,7740.365,1,1,0.00000,3.36588,0.00000,0.00000,0.00000,0.00000,0.00000,,-0.02820832,,,
388,02/02/2022 19:39:48.964,7760.367,7760.367,1,1,0.00000,3.36491,0.00000,0.00000,0.00000,0.00000,0.00000,,-0.02787426,,0,
389,02/02/2022 19:40:08.965,7780.368,7780.368,1,1,0.00000,3.37122,0.00000,0.00000,0.00000,0.00000,0.00000,,-0.01938329,,,
390,02/02/2022 19:40:28.965,7800.368,7800.368,1,1,0.00000,3.37136,0.00000,0.00000,0.00000,0.00000,0.00000,,0.02759969,,,
391,02/02/2022 19:40:48.967,7820.370,7820.370,1,1,0.00000,3.37366,0.00000,0.00000,0.00000,0.00000,0.00000,,0.0005889011,,,0
392,02/02/2022 19:41:08.969,7840.372,7840.372,1,1,0.00000,3.37626,0.00000,0.00000,0.00000,0.00000,0.00000,,-0.01847277,,,
393,02/02/2022 19:41:28.970,7860.373,7860.373,1,1,0.00000,3.37862,0.00000,0.00000,0.00000,0.00000,0.00000,,-0.01421384,,,
394,02/02/2022 19:41:48.971,7880.374,7880.374,1,1,0.00000,3.38085,0.00000,0.00000,0.00000,0.00000,0.00000,,-0.0235761,,0,
395,02/02/2022 19:42:08.971,7900.374,7900.374,1,1,0.00000,3.38229,0.00000,0.00000,0.00000,0.00000,0.00000,,-0.01587002,,,
396,02/02/2022 19:42:28.973,7920.376,7920.376,1,1,0.00000,3.38781,0.00000,0.00000,0.00000,0.00000,0.00000,,-0.000431113,,,
397,02/02/2022 19:42:48.973,7940.376,7940.376,1,1,0.00000,3.39111,0.00000,0.00000,0.00000,0.00000,0.00000,,-0.02026094,,,0
398,02/02/2022 19:43:08.973,7960.377,7960.376,1,1,0.00000,3.39359,0.00000,0.00000,0.00000,0.00000,0.00000,,-0.0139918,,,
399,02/02/2022 19:43:28.974,7980.377,7980.377,1,1,0.00000,3.39642,0.00000,0.00000,0.00000,0.00000,0.00000,,0.01233505,,,
400,02/02/2022 19:43:48.975,8000.378,8000.378,1,1,0.00000,3.39591,0.00000,0.00000,0.00000,0.00000,0.00000,,-0.02047996,,0,
401,02/02/2022 19:44:08.975,8020.378,8020.378,1,1,0.00000,3.39799,0.00000,0.00000,0.00000,0.00000,0.00000,,0.0001176067,,,
402,02/02/2022 19:44:28.977,8040.380,8040.380,1,1,0.00000,3.40260,0.00000,0.00000,0.00000,0.00000,0.00000,,0.0335888,,,
403,02/02/2022 19:44:48.977,8060.380,8060.380,1,1,0.00000,3.40100,0.00000,0.00000,0.00000,0.00000,0.00000,,3.50081E-05,,,0
404,02/02/2022 19:45:08.977,8080.380,8080.380,1,1,0.00000,3.40551,0.00000,0.00000,0.00000,0.00000,0.00000,,0.0008138497,,,
405,02/02/2022 19:45:28.979,8100.382,8100.382,1,1,0.00000,3.40401,0.00000,0.00000,0.00000,0.00000,0.00000,,3.903838E-05,,,
406,02/02/2022 19:45:48.981,8120.385,8120.384,1,1,0.00000,3.40535,0.00000,0.00000,0.00000,0.00000,0.00000,,-0.02125221,,0,
407,02/02/2022 19:46:08.983,8140.386,8140.386,1,1,0.00000,3.41012,0.00000,0.00000,0.00000,0.00000,0.00000,,0.01990474,,,
408,02/02/2022 19:46:28.983,8160.386,8160.386,1,1,0.00000,3.40745,0.00000,0.00000,0.00000,0.00000,0.00000,,-0.01360383,,,
409,02/02/2022 19:46:48.984,8180.388,8180.387,1,1,0.00000,3.41264,0.00000,0.00000,0.00000,0.00000,0.00000,,-0.01588333,,,
410,02/02/2022 19:47:08.985,8200.389,8200.388,1,1,0.00000,3.41328,0.00000,0.00000,0.00000,0.00000,0.00000,,3.393929E-05,,,
411,02/02/2022 19:47:28.986,8220.389,8220.389,1,1,0.00000,3.41643,0.00000,0.00000,0.00000,0.00000,0.00000,,6.357565E-05,,,
412,02/02/2022 19:47:48.988,8240.391,8240.391,1,1,0.00000,3.42128,0.00000,0.00000,0.00000,0.00000,0.00000,,-0.01827751,,0,
413,02/02/2022 19:48:08.989,8260.392,8260.392,1,1,0.00000,3.42441,0.00000,0.00000,0.00000,0.00000,0.00000,,0.0001572933,,,
414,02/02/2022 19:48:28.989,8280.393,8280.392,1,1,0.00000,3.42367,0.00000,0.00000,0.00000,0.00000,0.00000,,9.304624E-05,,,
415,02/02/2022 19:48:48.991,8300.394,8300.394,1,1,0.00000,3.42626,0.00000,0.00000,0.00000,0.00000,0.00000,,0.0001636265,,,
416,02/02/2022 19:49:08.991,8320.394,8320.394,1,1,0.00000,3.43052,0.00000,0.00000,0.00000,0.00000,0.00000,,0.01395725,,,
417,02/02/2022 19:49:28.991,8340.394,8340.394,1,1,0.00000,3.43299,0.00000,0.00000,0.00000,0.00000,0.00000,,4.445528E-05,,,
418,02/02/2022 19:49:48.993,8360.396,8360.396,1,1,0.00000,3.43435,0.00000,0.00000,0.00000,0.00000,0.00000,,-0.02175146,,0,
419,02/02/2022 19:50:08.994,8380.397,8380.397,1,1,0.00000,3.43701,0.00000,0.00000,0.00000,0.00000,0.00000,,9.855083E-05,,,
420,02/02/2022 19:50:28.994,8400.397,8400.397,1,1,0.00000,3.43994,0.00000,0.00000,0.00000,0.00000,0.00000,,-0.02141391,,,
421,02/02/2022 19:50:48.996,8420.399,8420.399,1,1,0.00000,3.44160,0.00000,0.00000,0.00000,0.00000,0.00000,,-0.01950745,,,
422,02/02/2022 19:51:08.999,8440.402,8440.402,1,1,0.00000,3.44432,0.00000,0.00000,0.00000,0.00000,0.00000,,-0.02901084,,,
423,02/02/2022 19:51:28.999,8460.403,8460.402,1,1,0.00000,3.45026,0.00000,0.00000,0.00000,0.00000,0.00000,,0.01893732,,,
424,02/02/2022 19:51:49.001,8480.404,8480.404,1,1,0.00000,3.44974,0.00000,0.00000,0.00000,0.00000,0.00000,,-0.01583413,,0,
425,02/02/2022 19:52:09.003,8500.406,8500.406,1,1,0.00000,3.45343,0.00000,0.00000,0.00000,0.00000,0.00000,,6.452449E-05,,,
426,02/02/2022 19:52:29.005,8520.408,8520.408,1,1,0.00000,3.45741,0.00000,0.00000,0.00000,0.00000,0.00000,,0.0001681866,,,
427,02/02/2022 19:52:49.005,8540.408,8540.408,1,1,0.00000,3.46057,0.00000,0.00000,0.00000,0.00000,0.00000,,0.01849717,,,
428,02/02/2022 19:53:09.005,8560.408,8560.408,1,1,0.00000,3.46593,0.00000,0.00000,0.00000,0.00000,0.00000,,0.02082407,,,
429,02/02/2022 19:53:29.007,8580.410,8580.410,1,1,0.00000,3.46683,0.00000,0.00000,0.00000,0.00000,0.00000,,0.01321548,,,
430,02/02/2022 19:53:49.008,8600.411,8600.411,1,1,0.00000,3.47137,0.00000,0.00000,0.00000,0.00000,0.00000,,9.569096E-05,,0,
431,02/02/2022 19:54:09.009,8620.412,8620.412,1,1,0.00000,3.47514,0.00000,0.00000,0.00000,0.00000,0.00000,,-0.02789616,,,
432,02/02/2022 19:54:29.010,8640.413,8640.413,1,1,0.00000,3.47612,0.00000,0.00000,0.00000,0.00000,0.00000,,-0.009811225,,,
433,02/02/2022 19:54:49.012,8660.415,8660.415,1,1,0.00000,3.47869,0.00000,0.00000,0.00000,0.00000,0.00000,,9.30926E-05,,,
434,02/02/2022 19:55:09.012,8680.416,8680.415,1,1,0.00000,3.48165,0.00000,0.00000,0.00000,0.00000,0.00000,,0.0001384761,,,
435,02/02/2022 19:55:29.015,8700.418,8700.418,1,1,0.00000,3.48679,0.00000,0.00000,0.00000,0.00000,0.00000,,-0.0281543,,,
436,02/02/2022 19:55:49.016,8720.419,8720.419,1,1,0.00000,3.49051,0.00000,0.00000,0.00000,0.00000,0.00000,,-0.02170451,,0,
437,02/02/2022 19:56:09.017,8740.420,8740.420,1,1,0.00000,3.49312,0.00000,0.00000,0.00000,0.00000,0.00000,,-0.03103121,,,
438,02/02/2022 19:56:29.019,8760.422,8760.422,1,1,0.00000,3.49821,0.00000,0.00000,0.00000,0.00000,0.00000,,-0.02150169,,,
439,02/02/2022 19:56:49.021,8780.424,8780.424,1,1,0.00000,3.50064,0.00000,0.00000,0.00000,0.00000,0.00000,,0.01346759,,,
440,02/02/2022 19:57:09.022,8800.425,8800.425,1,1,0.00000,3.49905,0.00000,0.00000,0.00000,0.00000,0.00000,,-0.02097034,,,
441,02/02/2022 19:57:27.915,8819.318,8819.318,1,1,0.00000,3.50907,0.00000,0.00000,0.00000,0.00000,0.00000,,0.009810149,,,
442,02/02/2022 19:57:47.917,8839.320,8839.320,1,1,0.00000,3.50917,0.00000,0.00000,0.00000,0.00000,0.00000,,0.02030567,,0,
443,02/02/2022 19:58:07.917,8859.320,8859.320,1,1,0.00000,3.51234,0.00000,0.00000,0.00000,0.00000,0.00000,,0.01669851,,,
444,02/02/2022 19:58:27.917,8879.320,8879.320,1,1,0.00000,3.51438,0.00000,0.00000,0.00000,0.00000,0.00000,,-0.02387854,,,
445,02/02/2022 19:58:47.383,8898.787,8898.786,1,1,0.00000,3.52451,0.00000,0.00000,0.00000,0.00000,0.00000,,0.01801331,,,
446,02/02/2022 19:59:07.384,8918.787,8918.787,1,1,0.00000,3.52555,0.00000,0.00000,0.00000,0.00000,0.00000,,-0.01930842,,,
447,02/02/2022 19:59:27.385,8938.788,8938.788,1,1,0.00000,3.52922,0.00000,0.00000,0.00000,0.00000,0.00000,,-0.01495631,,,
448,02/02/2022 19:59:47.388,8958.791,8958.791,1,1,0.00000,3.52982,0.00000,0.00000,0.00000,0.00000,0.00000,,0.02615072,,0,
449,02/02/2022 20:00:07.389,8978.793,8978.792,1,1,0.00000,3.53425,0.00000,0.00000,0.00000,0.00000,0.00000,,0.02102206,,,
450,02/02/2022 20:00:27.390,8998.793,8998.793,1,1,0.00000,3.53747,0.00000,0.00000,0.00000,0.00000,0.00000,,-0.01721938,,,
451,02/02/2022 20:00:47.391,9018.794,9018.794,1,1,0.00000,3.54231,0.00000,0.00000,0.00000,0.00000,0.00000,,0.01597976,,,
452,02/02/2022 20:01:07.392,9038.796,9038.795,1,1,0.00000,3.54705,0.00000,0.00000,0.00000,0.00000,0.00000,,0.01762382,,,
453,02/02/2022 20:01:27.393,9058.796,9058.796,1,1,0.00000,3.54614,0.00000,0.00000,0.00000,0.00000,0.00000,,-0.02534301,,,
454,02/02/2022 20:01:47.155,9078.558,9078.558,1,1,0.00000,3.55626,0.00000,0.00000,0.00000,0.00000,0.00000,,-0.01918396,,0,
455,02/02/2022 20:02:07.155,9098.558,9098.558,1,1,0.00000,3.55505,0.00000,0.00000,0.00000,0.00000,0.00000,,0.0002189201,,,
456,02/02/2022 20:02:27.157,9118.560,9118.560,1,1,0.00000,3.56276,0.00000,0.00000,0.00000,0.00000,0.00000,,0.01093086,,,
457,02/02/2022 20:02:47.157,9138.561,9138.560,1,1,0.00000,3.56685,0.00000,0.00000,0.00000,0.00000,0.00000,,-0.03061331,,,
458,02/02/2022 20:03:07.158,9158.561,9158.561,1,1,0.00000,3.56462,0.00000,0.00000,0.00000,0.00000,0.00000,,0.01271817,,,
459,02/02/2022 20:03:27.161,9178.564,9178.564,1,1,0.00000,3.57095,0.00000,0.00000,0.00000,0.00000,0.00000,,0.01348012,,,
460,02/02/2022 20:03:47.163,9198.566,9198.566,1,1,0.00000,3.57416,0.00000,0.00000,0.00000,0.00000,0.00000,,0.01288463,,0,
461,02/02/2022 20:04:07.164,9218.567,9218.567,1,1,0.00000,3.58134,0.00000,0.00000,0.00000,0.00000,0.00000,,0.0004238552,,,
462,02/02/2022 20:04:27.165,9238.568,9238.568,1,1,0.00000,3.58266,0.00000,0.00000,0.00000,0.00000,0.00000,,0.0003191675,,,
463,02/02/2022 20:04:47.166,9258.569,9258.569,1,1,0.00000,3.58431,0.00000,0.00000,0.00000,0.00000,0.00000,,0.01361966,,,
464,02/02/2022 20:05:07.167,9278.570,9278.570,1,1,0.00000,3.59089,0.00000,0.00000,0.00000,0.00000,0.00000,,0.02592802,,,
465,02/02/2022 20:05:27.168,9298.571,9298.571,1,1,0.00000,3.59433,0.00000,0.00000,0.00000,0.00000,0.00000,,0.0001098366,,,
466,02/02/2022 20:05:47.170,9318.573,9318.573,1,1,0.00000,3.59317,0.00000,0.00000,0.00000,0.00000,0.00000,,0.01196007,,0,
467,02/02/2022 20:06:07.171,9338.574,9338.574,1,1,0.00000,3.60166,0.00000,0.00000,0.00000,0.00000,0.00000,,-0.01854952,,,
468,02/02/2022 20:06:27.173,9358.576,9358.576,1,1,0.00000,3.60300,0.00000,0.00000,0.00000,0.00000,0.00000,,0.0005599952,,,
469,02/02/2022 20:06:47.174,9378.577,9378.577,1,1,0.00000,3.60574,0.00000,0.00000,0.00000,0.00000,0.00000,,-0.01931981,,,
470,02/02/2022 20:07:07.174,9398.577,9398.577,1,1,0.00000,3.60890,0.00000,0.00000,0.00000,0.00000,0.00000,,0.0001353526,,,
471,02/02/2022 20:07:27.176,9418.579,9418.579,1,1,0.00000,3.61503,0.00000,0.00000,0.00000,0.00000,0.00000,,-0.02661038,,,
472,02/02/2022 20:07:47.176,9438.579,9438.579,1,1,0.00000,3.61976,0.00000,0.00000,0.00000,0.00000,0.00000,,-0.02722849,,0,
473,02/02/2022 20:08:07.177,9458.581,9458.580,1,1,0.00000,3.62133,0.00000,0.00000,0.00000,0.00000,0.00000,,0.01514459,,,
474,02/02/2022 20:08:27.179,9478.582,9478.582,1,1,0.00000,3.62950,0.00000,0.00000,0.00000,0.00000,0.00000,,-0.01592147,,,
475,02/02/2022 20:08:47.179,9498.582,9498.582,1,1,0.00000,3.62719,0.00000,0.00000,0.00000,0.00000,0.00000,,-0.02390303,,,
476,02/02/2022 20:09:07.180,9518.583,9518.583,1,1,0.00000,3.63288,0.00000,0.00000,0.00000,0.00000,0.00000,,-0.02777254,,,
477,02/02/2022 20:09:27.182,9538.585,9538.585,1,1,0.00000,3.63954,0.00000,0.00000,0.00000,0.00000,0.00000,,0.01695184,,,
478,02/02/2022 20:09:47.184,9558.587,9558.587,1,1,0.00000,3.63958,0.00000,0.00000,0.00000,0.00000,0.00000,,-0.01852473,,0,
479,02/02/2022 20:10:07.185,9578.588,9578.588,1,1,0.00000,3.64496,0.00000,0.00000,0.00000,0.00000,0.00000,,0.000133258,,,
480,02/02/2022 20:10:27.185,9598.588,9598.588,1,1,0.00000,3.64917,0.00000,0.00000,0.00000,0.00000,0.00000,,-0.01898834,,,
481,02/02/2022 20:10:47.186,9618.589,9618.589,1,1,0.00000,3.65492,0.00000,0.00000,0.00000,0.00000,0.00000,,0.02895412,,,
482,02/02/2022 20:11:07.187,9638.590,9638.590,1,1,0.00000,3.65271,0.00000,0.00000,0.00000,0.00000,0.00000,,0.01332714,,,
483,02/02/2022 20:11:22.090,9653.493,9653.493,1,1,0.00000,3.66272,0.00000,0.00000,0.00000,0.00000,0.00000,,0.01109724,,,
484,02/02/2022 20:11:42.091,9673.494,9673.494,1,1,0.00000,3.66396,0.00000,0.00000,0.00000,0.00000,0.00000,,0.01350578,,,
485,02/02/2022 20:12:02.092,9693.495,9693.495,1,1,0.00000,3.66681,0.00000,0.00000,0.00000,0.00000,0.00000,,0.000106879,,0,
486,02/02/2022 20:12:22.092,9713.495,9713.495,1,1,0.00000,3.66649,0.00000,0.00000,0.00000,0.00000,0.00000,,5.895709E-05,,,
487,02/02/2022 20:12:36.564,9727.967,9727.967,1,1,0.00000,3.67697,0.00000,0.00000,0.00000,0.00000,0.00000,,0.01870765,,,
488,02/02/2022 20:12:56.565,9747.968,9747.968,1,1,0.00000,3.67933,0.00000,0.00000,0.00000,0.00000,0.00000,,9.56498E-05,,,
489,02/02/2022 20:13:16.566,9767.969,9767.969,1,1,0.00000,3.68028,0.00000,0.00000,0.00000,0.00000,0.00000,,-0.01267781,,,
490,02/02/2022 20:13:36.566,9787.969,9787.969,1,1,0.00000,3.68626,0.00000,0.00000,0.00000,0.00000,0.00000,,0.0001752088,,,
491,02/02/2022 20:13:56.567,9807.970,9807.970,1,1,0.00000,3.68988,0.00000,0.00000,0.00000,0.00000,0.00000,,0.00146919,,0,
492,02/02/2022 20:14:16.567,9827.970,9827.970,1,1,0.00000,3.69680,0.00000,0.00000,0.00000,0.00000,0.00000,,0.0140671,,,
493,02/02/2022 20:14:36.569,9847.972,9847.972,1,1,0.00000,3.69924,0.00000,0.00000,0.00000,0.00000,0.00000,,-0.0201006,,,
494,02/02/2022 20:14:56.570,9867.973,9867.973,1,1,0.00000,3.70270,0.00000,0.00000,0.00000,0.00000,0.00000,,-0.01479729,,,
495,02/02/2022 20:15:16.572,9887.975,9887.975,1,1,0.00000,3.70767,0.00000,0.00000,0.00000,0.00000,0.00000,,-0.01590951,,,
496,02/02/2022 20:15:35.473,9906.876,9906.876,1,1,0.00000,3.71795,0.00000,0.00000,0.00000,0.00000,0.00000,,-0.01928507,,,
497,02/02/2022 20:15:55.473,9926.876,9926.876,1,1,0.00000,3.71556,0.00000,0.00000,0.00000,0.00000,0.00000,,0.01333396,,0,
498,02/02/2022 20:16:09.711,9941.114,9941.114,1,1,0.00000,3.72594,0.00000,0.00000,0.00000,0.00000,0.00000,,-0.01846746,,,
499,02/02/2022 20:16:29.713,9961.116,9961.116,1,1,0.00000,3.72525,0.00000,0.00000,0.00000,0.00000,0.00000,,-0.02107109,,,
500,02/02/2022 20:16:49.713,9981.116,9981.116,1,1,0.00000,3.73220,0.00000,0.00000,0.00000,0.00000,0.00000,,0.02747718,,,
501,02/02/2022 20:17:09.714,10001.117,10001.117,1,1,0.00000,3.73511,0.00000,0.00000,0.00000,0.00000,0.00000,,0.01779529,,,
502,02/02/2022 20:17:29.714,10021.117,10021.117,1,1,0.00000,3.74025,0.00000,0.00000,0.00000,0.00000,0.00000,,-0.02784291,,,
503,02/02/2022 20:17:49.715,10041.118,10041.118,1,1,0.00000,3.74505,0.00000,0.00000,0.00000,0.00000,0.00000,,0.01913028,,,
504,02/02/2022 20:18:09.717,10061.120,10061.120,1,1,0.00000,3.75044,0.00000,0.00000,0.00000,0.00000,0.00000,,-0.01656213,,0,
505,02/02/2022 20:18:29.719,10081.122,10081.122,1,1,0.00000,3.75496,0.00000,0.00000,0.00000,0.00000,0.00000,,0.0003402889,,,
506,02/02/2022 20:18:49.719,10101.122,10101.122,1,1,0.00000,3.76031,0.00000,0.00000,0.00000,0.00000,0.00000,,0.01720996,,,
507,02/02/2022 20:19:09.720,10121.123,10121.123,1,1,0.00000,3.76412,0.00000,0.00000,0.00000,0.00000,0.00000,,-0.03022544,,,
508,02/02/2022 20:19:29.720,10141.123,10141.123,1,1,0.00000,3.76699,0.00000,0.00000,0.00000,0.00000,0.00000,,0.01212142,,,
509,02/02/2022 20:19:48.985,10160.388,10160.388,1,1,0.00000,3.77737,0.00000,0.00000,0.00000,0.00000,0.00000,,0.0003920641,,,
510,02/02/2022 20:20:08.985,10180.389,10180.388,1,1,0.00000,3.77506,0.00000,0.00000,0.00000,0.00000,0.00000,,-0.01489288,,0,
511,02/02/2022 20:20:25.929,10197.332,10197.332,1,1,0.00000,3.78566,0.00000,0.00000,0.00000,0.00000,0.00000,,-0.02464867,,,
512,02/02/2022 20:20:45.930,10217.333,10217.333,1,1,0.00000,3.78654,0.00000,0.00000,0.00000,0.00000,0.00000,,0.01442111,,,
513,02/02/2022 20:21:05.931,10237.334,10237.334,1,1,0.00000,3.79356,0.00000,0.00000,0.00000,0.00000,0.00000,,0.0008605154,,,
514,02/02/2022 20:21:25.933,10257.336,10257.336,1,1,0.00000,3.79702,0.00000,0.00000,0.00000,0.00000,0.00000,,-0.02157914,,,
515,02/02/2022 20:21:45.933,10277.336,10277.336,1,1,0.00000,3.80030,0.00000,0.00000,0.00000,0.00000,0.00000,,8.139513E-05,,,
516,02/02/2022 20:22:02.613,10294.016,10294.016,1,1,0.00000,3.81044,0.00000,0.00000,0.00000,0.00000,0.00000,,-0.02193281,,0,
517,02/02/2022 20:22:22.613,10314.016,10314.016,1,1,0.00000,3.81314,0.00000,0.00000,0.00000,0.00000,0.00000,,-0.02012189,,,
518,02/02/2022 20:22:42.614,10334.017,10334.017,1,1,0.00000,3.81504,0.00000,0.00000,0.00000,0.00000,0.00000,,-0.01866026,,,
519,02/02/2022 20:23:02.616,10354.019,10354.019,1,1,0.00000,3.82314,0.00000,0.00000,0.00000,0.00000,0.00000,,0.02750879,,,
520,02/02/2022 20:23:22.616,10374.020,10374.019,1,1,0.00000,3.82366,0.00000,0.00000,0.00000,0.00000,0.00000,,-0.02072313,,,
521,02/02/2022 20:23:40.602,10392.005,10392.005,1,1,0.00000,3.83378,0.00000,0.00000,0.00000,0.00000,0.00000,,-0.01338693,,,
522,02/02/2022 20:24:00.604,10412.007,10412.007,1,1,0.00000,3.83499,0.00000,0.00000,0.00000,0.00000,0.00000,,-0.01771353,,0,
523,02/02/2022 20:24:20.604,10432.007,10432.007,1,1,0.00000,3.83992,0.00000,0.00000,0.00000,0.00000,0.00000,,0.01590129,,,
524,02/02/2022 20:24:40.605,10452.008,10452.008,1,1,0.00000,3.84404,0.00000,0.00000,0.00000,0.00000,0.00000,,-0.01926785,,,
525,02/02/2022 20:24:57.635,10469.038,10469.038,1,1,0.00000,3.85407,0.00000,0.00000,0.00000,0.00000,0.00000,,0.01939984,,,
526,02/02/2022 20:25:17.636,10489.039,10489.039,1,1,0.00000,3.85806,0.00000,0.00000,0.00000,0.00000,0.00000,,-0.02078811,,,
527,02/02/2022 20:25:37.637,10509.040,10509.040,1,1,0.00000,3.85932,0.00000,0.00000,0.00000,0.00000,0.00000,,0.0001329963,,,
528,02/02/2022 20:25:57.637,10529.041,10529.040,1,1,0.00000,3.86237,0.00000,0.00000,0.00000,0.00000,0.00000,,0.01402845,,0,
529,02/02/2022 20:26:15.189,10546.592,10546.592,1,1,0.00000,3.87259,0.00000,0.00000,0.00000,0.00000,0.00000,,0.0001115702,,,
530,02/02/2022 20:26:35.191,10566.594,10566.594,1,1,0.00000,3.87561,0.00000,0.00000,0.00000,0.00000,0.00000,,-0.0170013,,,
531,02/02/2022 20:26:55.191,10586.594,10586.594,1,1,0.00000,3.88139,0.00000,0.00000,0.00000,0.00000,0.00000,,0.0004352372,,,
532,02/02/2022 20:27:15.193,10606.596,10606.596,1,1,0.00000,3.88273,0.00000,0.00000,0.00000,0.00000,0.00000,,0.01351138,,,
533,02/02/2022 20:27:31.976,10623.379,10623.379,1,1,0.00000,3.89278,0.00000,0.00000,0.00000,0.00000,0.00000,,0.0005667881,,,
534,02/02/2022 20:27:51.978,10643.381,10643.381,1,1,0.00000,3.89340,0.00000,0.00000,0.00000,0.00000,0.00000,,0.01157959,,,
535,02/02/2022 20:28:11.979,10663.382,10663.382,1,1,0.00000,3.89776,0.00000,0.00000,0.00000,0.00000,0.00000,,0.01660456,,0,
536,02/02/2022 20:28:31.980,10683.383,10683.383,1,1,0.00000,3.90603,0.00000,0.00000,0.00000,0.00000,0.00000,,-0.01852975,,,
537,02/02/2022 20:28:51.980,10703.383,10703.383,1,1,0.00000,3.90865,0.00000,0.00000,0.00000,0.00000,0.00000,,0.01416314,,,
538,02/02/2022 20:29:11.981,10723.384,10723.384,1,1,0.00000,3.91198,0.00000,0.00000,0.00000,0.00000,0.00000,,-0.01979234,,,
539,02/02/2022 20:29:31.984,10743.387,10743.387,1,1,0.00000,3.91454,0.00000,0.00000,0.00000,0.00000,0.00000,,-0.03033039,,,
540,02/02/2022 20:29:43.901,10755.304,10755.304,1,1,0.00000,3.92461,0.00000,0.00000,0.00000,0.00000,0.00000,,0.01654079,,,
541,02/02/2022 20:30:03.902,10775.305,10775.305,1,1,0.00000,3.92480,0.00000,0.00000,0.00000,0.00000,0.00000,,0.0008670203,,0,
542,02/02/2022 20:30:23.903,10795.306,10795.306,1,1,0.00000,3.92787,0.00000,0.00000,0.00000,0.00000,0.00000,,-0.01892447,,,
543,02/02/2022 20:30:40.371,10811.774,10811.774,1,1,0.00000,3.93792,0.00000,0.00000,0.00000,0.00000,0.00000,,-0.01080708,,,
544,02/02/2022 20:31:00.371,10831.774,10831.774,1,1,0.00000,3.93919,0.00000,0.00000,0.00000,0.00000,0.00000,,0.01146954,,,
545,02/02/2022 20:31:20.372,10851.775,10851.775,1,1,0.00000,3.94311,0.00000,0.00000,0.00000,0.00000,0.00000,,0.0001901512,,,
546,02/02/2022 20:31:40.372,10871.775,10871.775,1,1,0.00000,3.94646,0.00000,0.00000,0.00000,0.00000,0.00000,,0.0002710106,,,
547,02/02/2022 20:31:56.728,10888.131,10888.131,1,1,0.00000,3.95661,0.00000,0.00000,0.00000,0.00000,0.00000,,0.0001485958,,,
548,02/02/2022 20:32:16.729,10908.133,10908.132,1,1,0.00000,3.95946,0.00000,0.00000,0.00000,0.00000,0.00000,,-0.01539202,,0,
549,02/02/2022 20:32:36.731,10928.134,10928.134,1,1,0.00000,3.96482,0.00000,0.00000,0.00000,0.00000,0.00000,,0.01600971,,,
550,02/02/2022 20:32:56.732,10948.135,10948.135,1,1,0.00000,3.96862,0.00000,0.00000,0.00000,0.00000,0.00000,,-0.02136163,,,
551,02/02/2022 20:33:16.733,10968.136,10968.136,1,1,0.00000,3.97234,0.00000,0.00000,0.00000,0.00000,0.00000,,-0.01855037,,,
552,02/02/2022 20:33:36.734,10988.137,10988.137,1,1,0.00000,3.98136,0.00000,0.00000,0.00000,0.00000,0.00000,,0.0002111743,,,
553,02/02/2022 20:33:56.735,11008.138,11008.138,1,1,0.00000,3.98458,0.00000,0.00000,0.00000,0.00000,0.00000,,-0.01459392,,,
554,02/02/2022 20:34:16.737,11028.140,11028.140,1,1,0.00000,3.99052,0.00000,0.00000,0.00000,0.00000,0.00000,,-0.02765996,,0,
555,02/02/2022 20:34:36.737,11048.140,11048.140,1,1,0.00000,3.99394,0.00000,0.00000,0.00000,0.00000,0.00000,,0.01500152,,,
556,02/02/2022 20:34:56.007,11067.410,11067.410,1,1,0.00000,4.00395,0.00000,0.00000,0.00000,0.00000,0.00000,,-0.02185669,,,
557,02/02/2022 20:35:16.008,11087.411,11087.411,1,1,0.00000,4.00745,0.00000,0.00000,0.00000,0.00000,0.00000,,-0.006815906,,,
558,02/02/2022 20:35:36.009,11107.413,11107.412,1,1,0.00000,4.01360,0.00000,0.00000,0.00000,0.00000,0.00000,,0.02037784,,,
559,02/02/2022 20:35:56.011,11127.414,11127.414,1,1,0.00000,4.01563,0.00000,0.00000,0.00000,0.00000,0.00000,,0.01313763,,,
560,02/02/2022 20:36:08.330,11139.733,11139.733,1,1,0.00000,4.02566,0.00000,0.00000,0.00000,0.00000,0.00000,,0.03323528,,0,
561,02/02/2022 20:36:28.331,11159.734,11159.734,1,1,0.00000,4.03125,0.00000,0.00000,0.00000,0.00000,0.00000,,-0.0164154,,,
562,02/02/2022 20:36:48.333,11179.736,11179.736,1,1,0.00000,4.03480,0.00000,0.00000,0.00000,0.00000,0.00000,,-0.01479281,,,
563,02/02/2022 20:37:08.333,11199.736,11199.736,1,1,0.00000,4.04026,0.00000,0.00000,0.00000,0.00000,0.00000,,0.01380046,,,
564,02/02/2022 20:37:28.334,11219.737,11219.737,1,1,0.00000,4.04560,0.00000,0.00000,0.00000,0.00000,0.00000,,-0.03258903,,,
565,02/02/2022 20:37:48.336,11239.739,11239.739,1,1,0.00000,4.05261,0.00000,0.00000,0.00000,0.00000,0.00000,,-0.02184936,,,
566,02/02/2022 20:38:08.337,11259.740,11259.740,1,1,0.00000,4.05934,0.00000,0.00000,0.00000,0.00000,0.00000,,-0.01386621,,0,
567,02/02/2022 20:38:28.339,11279.742,11279.742,1,1,0.00000,4.06353,0.00000,0.00000,0.00000,0.00000,0.00000,,0.0002570464,,,
568,02/02/2022 20:38:48.339,11299.742,11299.742,1,1,0.00000,4.07136,0.00000,0.00000,0.00000,0.00000,0.00000,,0.0184194,,,
569,02/02/2022 20:39:08.341,11319.744,11319.744,1,1,0.00000,4.07644,0.00000,0.00000,0.00000,0.00000,0.00000,,0.0007407676,,,
570,02/02/2022 20:39:27.283,11338.686,11338.686,1,1,0.00000,4.08650,0.00000,0.00000,0.00000,0.00000,0.00000,,0.02758162,,,
571,02/02/2022 20:39:47.284,11358.688,11358.687,1,1,0.00000,4.08800,0.00000,0.00000,0.00000,0.00000,0.00000,,-0.029146,,,
572,02/02/2022 20:40:07.081,11378.484,11378.484,1,1,0.00000,4.09819,0.00000,0.00000,0.00000,0.00000,0.00000,,-0.02151444,,0,
573,02/02/2022 20:40:27.081,11398.484,11398.484,1,1,0.00000,4.10145,0.00000,0.00000,0.00000,0.00000,0.00000,,0.0001623861,,,
574,02/02/2022 20:40:47.081,11418.484,11418.484,1,1,0.00000,4.10570,0.00000,0.00000,0.00000,0.00000,0.00000,,-0.02783311,,,
575,02/02/2022 20:41:07.083,11438.486,11438.486,1,1,0.00000,4.11216,0.00000,0.00000,0.00000,0.00000,0.00000,,0.0003007973,,,
576,02/02/2022 20:41:27.083,11458.486,11458.486,1,1,0.00000,4.11843,0.00000,0.00000,0.00000,0.00000,0.00000,,0.0001119299,,,
577,02/02/2022 20:41:47.083,11478.486,11478.486,1,1,0.00000,4.12715,0.00000,0.00000,0.00000,0.00000,0.00000,,0.02114429,,,
578,02/02/2022 20:42:07.083,11498.486,11498.486,1,1,0.00000,4.12946,0.00000,0.00000,0.00000,0.00000,0.00000,,0.01272323,,0,
579,02/02/2022 20:42:27.084,11518.488,11518.487,1,1,0.00000,4.13633,0.00000,0.00000,0.00000,0.00000,0.00000,,0.02400607,,,
580,02/02/2022 20:42:47.084,11538.488,11538.487,1,1,0.00000,4.14211,0.00000,0.00000,0.00000,0.00000,0.00000,,-0.02063196,,,
581,02/02/2022 20:43:05.000,11556.403,11556.403,1,1,0.00000,4.15214,0.00000,0.00000,0.00000,0.00000,0.00000,,-0.01387531,,,
582,02/02/2022 20:43:25.000,11576.403,11576.403,1,1,0.00000,4.15435,0.00000,0.00000,0.00000,0.00000,0.00000,,0.02174697,,,
583,02/02/2022 20:43:45.000,11596.403,11596.403,1,1,0.00000,4.16013,0.00000,0.00000,0.00000,0.00000,0.00000,,8.894752E-05,,,
584,02/02/2022 20:44:05.001,11616.404,11616.404,1,1,0.00000,4.16487,0.00000,0.00000,0.00000,0.00000,0.00000,,0.000161819,,0,
585,02/02/2022 20:44:25.002,11636.405,11636.405,1,1,0.00000,4.17349,0.00000,0.00000,0.00000,0.00000,0.00000,,0.01311157,,,
586,02/02/2022 20:44:45.004,11656.407,11656.407,1,1,0.00000,4.18058,0.00000,0.00000,0.00000,0.00000,0.00000,,0.01479003,,,
587,02/02/2022 20:45:05.004,11676.407,11676.407,1,1,0.00000,4.18456,0.00000,0.00000,0.00000,0.00000,0.00000,,0.0001574932,,,
588,02/02/2022 20:45:25.004,11696.407,11696.407,1,1,0.00000,4.18743,0.00000,0.00000,0.00000,0.00000,0.00000,,-0.01721266,,,
589,02/02/2022 20:45:39.801,11711.204,11711.204,1,1,0.00000,4.19777,0.00000,0.00000,0.00000,0.00000,0.00000,,-0.01582314,,,
590,02/02/2022 20:45:59.801,11731.204,11731.204,1,1,0.00000,4.20079,0.00000,0.00000,0.00000,0.00000,0.00000,,0.01656503,,,
591,02/02/2022 20:46:19.802,11751.206,11751.205,1,1,0.00000,4.20457,0.00000,0.00000,0.00000,0.00000,0.00000,,0.0002259511,,0,
592,02/02/2022 20:46:37.501,11768.904,11768.904,1,1,0.00000,4.21468,0.00000,0.00000,0.00000,0.00000,0.00000,,0.01920716,,,
593,02/02/2022 20:46:57.503,11788.906,11788.906,1,1,0.00000,4.21818,0.00000,0.00000,0.00000,0.00000,0.00000,,0.01854283,,,
594,02/02/2022 20:47:17.505,11808.908,11808.908,1,1,0.00000,4.22433,0.00000,0.00000,0.00000,0.00000,0.00000,,-0.01090913,,,
595,02/02/2022 20:47:37.507,11828.910,11828.910,1,1,0.00000,4.23167,0.00000,0.00000,0.00000,0.00000,0.00000,,0.0004213595,,,
596,02/02/2022 20:47:57.509,11848.912,11848.912,1,1,0.00000,4.23323,0.00000,0.00000,0.00000,0.00000,0.00000,,-0.01978169,,,
597,02/02/2022 20:48:08.592,11859.995,11859.995,1,1,0.00000,4.24333,0.00000,0.00000,0.00000,0.00000,0.00000,,0.0001381933,,0,
598,02/02/2022 20:48:28.593,11879.996,11879.996,1,1,0.00000,4.24696,0.00000,0.00000,0.00000,0.00000,0.00000,,0.01322625,,,
599,02/02/2022 20:48:48.595,11899.998,11899.998,1,1,0.00000,4.24942,0.00000,0.00000,0.00000,0.00000,0.00000,,0.01809536,,,
600,02/02/2022 20:49:03.476,11914.879,11914.879,1,1,0.00000,4.25971,0.00000,0.00000,0.00000,0.00000,0.00000,,0.0003431975,,,
601,02/02/2022 20:49:23.478,11934.881,11934.881,1,1,0.00000,4.26203,0.00000,0.00000,0.00000,0.00000,0.00000,,-0.01200763,,,
602,02/02/2022 20:49:43.480,11954.883,11954.883,1,1,0.00000,4.26965,0.00000,0.00000,0.00000,0.00000,0.00000,,0.01563537,,,
603,02/02/2022 20:50:03.480,11974.884,11974.883,1,1,0.00000,4.27324,0.00000,0.00000,0.00000,0.00000,0.00000,,-0.01363754,,,
604,02/02/2022 20:50:21.529,11992.932,11992.932,1,1,0.00000,4.28359,0.00000,0.00000,0.00000,0.00000,0.00000,,-0.02760206,,0,
605,02/02/2022 20:50:41.529,12012.932,12012.932,1,1,0.00000,4.28472,0.00000,0.00000,0.00000,0.00000,0.00000,,-0.02635274,,,
606,02/02/2022 20:51:00.367,12031.770,12031.770,1,1,0.00000,4.29474,0.00000,0.00000,0.00000,0.00000,0.00000,,-0.02945526,,,
607,02/02/2022 20:51:20.369,12051.772,12051.772,1,1,0.00000,4.29565,0.00000,0.00000,0.00000,0.00000,0.00000,,0.0001193333,,,
608,02/02/2022 20:51:39.839,12071.242,12071.242,1,1,0.00000,4.30600,0.00000,0.00000,0.00000,0.00000,0.00000,,0.01314149,,,
609,02/02/2022 20:51:59.840,12091.243,12091.243,1,1,0.00000,4.30656,0.00000,0.00000,0.00000,0.00000,0.00000,,-0.02871667,,,
610,02/02/2022 20:52:17.434,12108.837,12108.837,1,1,0.00000,4.31683,0.00000,0.00000,0.00000,0.00000,0.00000,,-0.0190322,,0,
611,02/02/2022 20:52:37.434,12128.837,12128.837,1,1,0.00000,4.31875,0.00000,0.00000,0.00000,0.00000,0.00000,,-0.03091476,,,
612,02/02/2022 20:52:57.435,12148.838,12148.838,1,1,0.00000,4.32440,0.00000,0.00000,0.00000,0.00000,0.00000,,0.0002303067,,,
613,02/02/2022 20:53:17.297,12168.700,12168.700,1,1,0.00000,4.33468,0.00000,0.00000,0.00000,0.00000,0.00000,,-0.01109897,,,
614,02/02/2022 20:53:37.297,12188.700,12188.700,1,1,0.00000,4.33481,0.00000,0.00000,0.00000,0.00000,0.00000,,0.01470196,,,
615,02/02/2022 20:53:52.386,12203.789,12203.789,1,1,0.00000,4.34485,0.00000,0.00000,0.00000,0.00000,0.00000,,-0.02759525,,,
616,02/02/2022 20:54:12.387,12223.790,12223.790,1,1,0.00000,4.34829,0.00000,0.00000,0.00000,0.00000,0.00000,,-0.01863248,,0,
617,02/02/2022 20:54:32.387,12243.790,12243.790,1,1,0.00000,4.35286,0.00000,0.00000,0.00000,0.00000,0.00000,,0.02089523,,,
618,02/02/2022 20:54:51.758,12263.161,12263.161,1,1,0.00000,4.36320,0.00000,0.00000,0.00000,0.00000,0.00000,,0.02782741,,,
619,02/02/2022 20:55:11.760,12283.163,12283.163,1,1,0.00000,4.36565,0.00000,0.00000,0.00000,0.00000,0.00000,,-0.01231228,,,
620,02/02/2022 20:55:31.760,12303.163,12303.163,1,1,0.00000,4.37267,0.00000,0.00000,0.00000,0.00000,0.00000,,0.02099723,,,
621,02/02/2022 20:55:51.761,12323.164,12323.164,1,1,0.00000,4.37835,0.00000,0.00000,0.00000,0.00000,0.00000,,-0.01923347,,,
622,02/02/2022 20:56:11.762,12343.165,12343.165,1,1,0.00000,4.38394,0.00000,0.00000,0.00000,0.00000,0.00000,,0.0149228,,0,
623,02/02/2022 20:56:29.942,12361.345,12361.345,1,1,0.00000,4.39397,0.00000,0.00000,0.00000,0.00000,0.00000,,0.0002813657,,,
624,02/02/2022 20:56:49.943,12381.346,12381.346,1,1,0.00000,4.39778,0.00000,0.00000,0.00000,0.00000,0.00000,,0.000292707,,,
625,02/02/2022 20:57:09.943,12401.346,12401.346,1,1,0.00000,4.40382,0.00000,0.00000,0.00000,0.00000,0.00000,,-0.01665262,,,
626,02/02/2022 20:57:29.944,12421.347,12421.347,1,1,0.00000,4.40801,0.00000,0.00000,0.00000,0.00000,0.00000,,-0.01333751,,,
627,02/02/2022 20:57:43.347,12434.750,12434.750,1,1,0.00000,4.41813,0.00000,0.00000,0.00000,0.00000,0.00000,,0.01227136,,,
628,02/02/2022 20:58:03.349,12454.752,12454.752,1,1,0.00000,4.42178,0.00000,0.00000,0.00000,0.00000,0.00000,,0.01402415,,,
629,02/02/2022 20:58:23.349,12474.752,12474.752,1,1,0.00000,4.42515,0.00000,0.00000,0.00000,0.00000,0.00000,,-0.01361143,,0,
630,02/02/2022 20:58:38.507,12489.910,12489.910,1,1,0.00000,4.43568,0.00000,0.00000,0.00000,0.00000,0.00000,,0.0001732386,,,
631,02/02/2022 20:58:58.507,12509.910,12509.910,1,1,0.00000,4.43811,0.00000,0.00000,0.00000,0.00000,0.00000,,0.0003259594,,,
632,02/02/2022 20:59:13.737,12525.140,12525.140,1,1,0.00000,4.44821,0.00000,0.00000,0.00000,0.00000,0.00000,,-0.01516764,,,
633,02/02/2022 20:59:33.738,12545.141,12545.141,1,1,0.00000,4.45080,0.00000,0.00000,0.00000,0.00000,0.00000,,0.0003630771,,,
634,02/02/2022 20:59:51.805,12563.208,12563.208,1,1,0.00000,4.46091,0.00000,0.00000,0.00000,0.00000,0.00000,,-0.0111763,,,
635,02/02/2022 21:00:11.807,12583.210,12583.210,1,1,0.00000,4.46661,0.00000,0.00000,0.00000,0.00000,0.00000,,-0.00937576,,,
636,02/02/2022 21:00:31.808,12603.211,12603.211,1,1,0.00000,4.47350,0.00000,0.00000,0.00000,0.00000,0.00000,,0.01532862,,0,
637,02/02/2022 21:00:51.809,12623.212,12623.212,1,1,0.00000,4.47642,0.00000,0.00000,0.00000,0.00000,0.00000,,0.0002881508,,,
638,02/02/2022 21:01:03.088,12634.491,12634.491,1,1,0.00000,4.48656,0.00000,0.00000,0.00000,0.00000,0.00000,,0.01854729,,,
639,02/02/2022 21:01:23.088,12654.492,12654.491,1,1,0.00000,4.49308,0.00000,0.00000,0.00000,0.00000,0.00000,,0.00361664,,,
640,02/02/2022 21:01:43.090,12674.493,12674.493,1,1,0.00000,4.49563,0.00000,0.00000,0.00000,0.00000,0.00000,,0.0002126373,,,
641,02/02/2022 21:01:58.420,12689.824,12689.823,1,1,0.00000,4.50596,0.00000,0.00000,0.00000,0.00000,0.00000,,-0.0231782,,,
642,02/02/2022 21:02:18.422,12709.825,12709.825,1,1,0.00000,4.50940,0.00000,0.00000,0.00000,0.00000,0.00000,,0.01419158,,0,
643,02/02/2022 21:02:38.423,12729.826,12729.826,1,1,0.00000,4.51668,0.00000,0.00000,0.00000,0.00000,0.00000,,0.0212038,,,
644,02/02/2022 21:02:58.425,12749.828,12749.828,1,1,0.00000,4.51987,0.00000,0.00000,0.00000,0.00000,0.00000,,0.0112151,,,
645,02/02/2022 21:03:12.146,12763.549,12763.549,1,1,0.00000,4.53032,0.00000,0.00000,0.00000,0.00000,0.00000,,0.02619999,,,
646,02/02/2022 21:03:32.149,12783.552,12783.552,1,1,0.00000,4.53349,0.00000,0.00000,0.00000,0.00000,0.00000,,0.02816714,,,
647,02/02/2022 21:03:49.206,12800.609,12800.609,1,1,0.00000,4.54388,0.00000,0.00000,0.00000,0.00000,0.00000,,0.01842076,,,
648,02/02/2022 21:04:09.209,12820.612,12820.612,1,1,0.00000,4.54725,0.00000,0.00000,0.00000,0.00000,0.00000,,-0.02306781,,,
649,02/02/2022 21:04:28.254,12839.657,12839.657,1,1,0.00000,4.55731,0.00000,0.00000,0.00000,0.00000,0.00000,,0.01246573,,0,
650,02/02/2022 21:04:48.255,12859.658,12859.658,1,1,0.00000,4.55866,0.00000,0.00000,0.00000,0.00000,0.00000,,0.001503329,,,
651,02/02/2022 21:05:06.110,12877.513,12877.513,1,1,0.00000,4.56872,0.00000,0.00000,0.00000,0.00000,0.00000,,-0.01792091,,,
652,02/02/2022 21:05:26.112,12897.515,12897.515,1,1,0.00000,4.57240,0.00000,0.00000,0.00000,0.00000,0.00000,,-0.01351072,,,
653,02/02/2022 21:05:42.505,12913.908,12913.908,1,1,0.00000,4.58253,0.00000,0.00000,0.00000,0.00000,0.00000,,0.0001636105,,,
654,02/02/2022 21:06:02.506,12933.909,12933.909,1,1,0.00000,4.58646,0.00000,0.00000,0.00000,0.00000,0.00000,,0.012888,,,
655,02/02/2022 21:06:22.130,12953.533,12953.533,1,1,0.00000,4.59697,0.00000,0.00000,0.00000,0.00000,0.00000,,-0.01233655,,0,
656,02/02/2022 21:06:42.133,12973.536,12973.536,1,1,0.00000,4.60009,0.00000,0.00000,0.00000,0.00000,0.00000,,-0.02006535,,,
657,02/02/2022 21:07:02.133,12993.536,12993.536,1,1,0.00000,4.60806,0.00000,0.00000,0.00000,0.00000,0.00000,,0.01269838,,,
658,02/02/2022 21:07:22.134,13013.537,13013.537,1,1,0.00000,4.61226,0.00000,0.00000,0.00000,0.00000,0.00000,,0.01233187,,,
659,02/02/2022 21:07:37.367,13028.770,13028.770,1,1,0.00000,4.62259,0.00000,0.00000,0.00000,0.00000,0.00000,,0.01367144,,,
660,02/02/2022 21:07:57.368,13048.771,13048.771,1,1,0.00000,4.62449,0.00000,0.00000,0.00000,0.00000,0.00000,,0.0001378533,,,
661,02/02/2022 21:08:14.295,13065.698,13065.698,1,1,0.00000,4.63474,0.00000,0.00000,0.00000,0.00000,0.00000,,-0.01244343,,,
662,02/02/2022 21:08:34.297,13085.701,13085.700,1,1,0.00000,4.63864,0.00000,0.00000,0.00000,0.00000,0.00000,,-0.02602954,,0,
663,02/02/2022 21:08:54.300,13105.703,13105.703,1,1,0.00000,4.64464,0.00000,0.00000,0.00000,0.00000,0.00000,,0.0006131499,,,
664,02/02/2022 21:09:14.301,13125.705,13125.704,1,1,0.00000,4.65149,0.00000,0.00000,0.00000,0.00000,0.00000,,-0.02315139,,,
665,02/02/2022 21:09:34.301,13145.705,13145.704,1,1,0.00000,4.65799,0.00000,0.00000,0.00000,0.00000,0.00000,,0.01289799,,,
666,02/02/2022 21:09:54.254,13165.657,13165.657,1,1,0.00000,4.66806,0.00000,0.00000,0.00000,0.00000,0.00000,,0.01517675,,,
667,02/02/2022 21:10:14.255,13185.658,13185.658,1,1,0.00000,4.67230,0.00000,0.00000,0.00000,0.00000,0.00000,,-0.02754222,,,
668,02/02/2022 21:10:34.256,13205.659,13205.659,1,1,0.00000,4.67904,0.00000,0.00000,0.00000,0.00000,0.00000,,0.02582868,,0,
669,02/02/2022 21:10:53.905,13225.308,13225.308,1,1,0.00000,4.68932,0.00000,0.00000,0.00000,0.00000,0.00000,,-0.02291753,,,
670,02/02/2022 21:11:13.905,13245.308,13245.308,1,1,0.00000,4.69165,0.00000,0.00000,0.00000,0.00000,0.00000,,0.0001893642,,,
671,02/02/2022 21:11:32.129,13263.532,13263.532,1,1,0.00000,4.70187,0.00000,0.00000,0.00000,0.00000,0.00000,,0.01167612,,,
672,02/02/2022 21:11:52.131,13283.534,13283.534,1,1,0.00000,4.70745,0.00000,0.00000,0.00000,0.00000,0.00000,,0.005705016,,,
673,02/02/2022 21:12:12.131,13303.534,13303.534,1,1,0.00000,4.71064,0.00000,0.00000,0.00000,0.00000,0.00000,,0.0006396782,,,
674,02/02/2022 21:12:24.249,13315.652,13315.652,1,1,0.00000,4.72101,0.00000,0.00000,0.00000,0.00000,0.00000,,-0.02773149,,0,
675,02/02/2022 21:12:44.250,13335.653,13335.653,1,1,0.00000,4.72112,0.00000,0.00000,0.00000,0.00000,0.00000,,-0.01521441,,,
676,02/02/2022 21:12:56.807,13348.210,13348.210,1,1,0.00000,4.73121,0.00000,0.00000,0.00000,0.00000,0.00000,,-0.0089508,,,
677,02/02/2022 21:13:16.807,13368.210,13368.210,1,1,0.00000,4.73268,0.00000,0.00000,0.00000,0.00000,0.00000,,-0.01589904,,,
678,02/02/2022 21:13:32.256,13383.659,13383.659,1,1,0.00000,4.74302,0.00000,0.00000,0.00000,0.00000,0.00000,,-0.02649461,,,
679,02/02/2022 21:13:52.257,13403.660,13403.660,1,1,0.00000,4.74477,0.00000,0.00000,0.00000,0.00000,0.00000,,-0.01768342,,,
680,02/02/2022 21:14:05.082,13416.485,13416.485,1,1,0.00000,4.75482,0.00000,0.00000,0.00000,0.00000,0.00000,,0.01369571,,,
681,02/02/2022 21:14:25.083,13436.486,13436.486,1,1,0.00000,4.75407,0.00000,0.00000,0.00000,0.00000,0.00000,,0.000550327,,0,
682,02/02/2022 21:14:33.409,13444.812,13444.812,1,1,0.00000,4.76460,0.00000,0.00000,0.00000,0.00000,0.00000,,0.004264757,,,
683,02/02/2022 21:14:53.409,13464.813,13464.812,1,1,0.00000,4.76745,0.00000,0.00000,0.00000,0.00000,0.00000,,0.0001898655,,,
684,02/02/2022 21:15:13.412,13484.815,13484.815,1,1,0.00000,4.77512,0.00000,0.00000,0.00000,0.00000,0.00000,,0.01476753,,,
685,02/02/2022 21:15:33.412,13504.815,13504.815,1,1,0.00000,4.77923,0.00000,0.00000,0.00000,0.00000,0.00000,,0.02745901,,,
686,02/02/2022 21:15:48.768,13520.171,13520.171,1,1,0.00000,4.78924,0.00000,0.00000,0.00000,0.00000,0.00000,,0.01359451,,,
687,02/02/2022 21:16:08.769,13540.172,13540.172,1,1,0.00000,4.79129,0.00000,0.00000,0.00000,0.00000,0.00000,,-0.02071416,,,
688,02/02/2022 21:16:25.659,13557.062,13557.062,1,1,0.00000,4.80130,0.00000,0.00000,0.00000,0.00000,0.00000,,0.01575325,,0,
689,02/02/2022 21:16:45.661,13577.064,13577.064,1,1,0.00000,4.80719,0.00000,0.00000,0.00000,0.00000,0.00000,,0.0004388499,,,
690,02/02/2022 21:17:05.661,13597.064,13597.064,1,1,0.00000,4.81142,0.00000,0.00000,0.00000,0.00000,0.00000,,0.01400127,,,
691,02/02/2022 21:17:25.229,13616.632,13616.632,1,1,0.00000,4.82150,0.00000,0.00000,0.00000,0.00000,0.00000,,0.01278885,,,
692,02/02/2022 21:17:45.230,13636.633,13636.633,1,1,0.00000,4.82687,0.00000,0.00000,0.00000,0.00000,0.00000,,-0.01777813,,,
693,02/02/2022 21:18:05.231,13656.634,13656.634,1,1,0.00000,4.83125,0.00000,0.00000,0.00000,0.00000,0.00000,,-0.01825161,,,
694,02/02/2022 21:18:25.232,13676.635,13676.635,1,1,0.00000,4.83656,0.00000,0.00000,0.00000,0.00000,0.00000,,0.0105294,,0,
695,02/02/2022 21:18:41.337,13692.740,13692.740,1,1,0.00000,4.84693,0.00000,0.00000,0.00000,0.00000,0.00000,,-0.02159241,,,
696,02/02/2022 21:19:01.337,13712.740,13712.740,1,1,0.00000,4.85224,0.00000,0.00000,0.00000,0.00000,0.00000,,0.0002763349,,,
697,02/02/2022 21:19:21.338,13732.741,13732.741,1,1,0.00000,4.85793,0.00000,0.00000,0.00000,0.00000,0.00000,,-0.02482218,,,
698,02/02/2022 21:19:40.293,13751.696,13751.696,1,1,0.00000,4.86799,0.00000,0.00000,0.00000,0.00000,0.00000,,-0.01588411,,,
699,02/02/2022 21:20:00.293,13771.697,13771.696,1,1,0.00000,4.87194,0.00000,0.00000,0.00000,0.00000,0.00000,,0.001482076,,,
700,02/02/2022 21:20:17.925,13789.328,13789.328,1,1,0.00000,4.88234,0.00000,0.00000,0.00000,0.00000,0.00000,,0.02110492,,,
701,02/02/2022 21:20:37.927,13809.330,13809.330,1,1,0.00000,4.88837,0.00000,0.00000,0.00000,0.00000,0.00000,,-0.0315633,,0,
702,02/02/2022 21:20:57.928,13829.331,13829.331,1,1,0.00000,4.89526,0.00000,0.00000,0.00000,0.00000,0.00000,,-0.02763807,,,
703,02/02/2022 21:21:17.930,13849.333,13849.333,1,1,0.00000,4.89935,0.00000,0.00000,0.00000,0.00000,0.00000,,0.0005111141,,,
704,02/02/2022 21:21:33.128,13864.532,13864.531,1,1,0.00000,4.90942,0.00000,0.00000,0.00000,0.00000,0.00000,,0.01945578,,,
705,02/02/2022 21:21:53.130,13884.533,13884.533,1,1,0.00000,4.91395,0.00000,0.00000,0.00000,0.00000,0.00000,,-0.01739137,,,
706,02/02/2022 21:22:13.132,13904.535,13904.535,1,1,0.00000,4.91935,0.00000,0.00000,0.00000,0.00000,0.00000,,0.01349217,,,
707,02/02/2022 21:22:26.693,13918.096,13918.096,1,1,0.00000,4.92964,0.00000,0.00000,0.00000,0.00000,0.00000,,0.01170661,,0,
708,02/02/2022 21:22:46.693,13938.096,13938.096,1,1,0.00000,4.93336,0.00000,0.00000,0.00000,0.00000,0.00000,,-0.02782122,,,
709,02/02/2022 21:23:06.693,13958.097,13958.096,1,1,0.00000,4.94304,0.00000,0.00000,0.00000,0.00000,0.00000,,-0.0145308,,,
710,02/02/2022 21:23:26.696,13978.099,13978.099,1,1,0.00000,4.94591,0.00000,0.00000,0.00000,0.00000,0.00000,,0.00158933,,,
711,02/02/2022 21:23:43.116,13994.519,13994.519,1,1,0.00000,4.95591,0.00000,0.00000,0.00000,0.00000,0.00000,,0.02755287,,,
712,02/02/2022 21:24:03.117,14014.521,14014.520,1,1,0.00000,4.95861,0.00000,0.00000,0.00000,0.00000,0.00000,,0.0001190515,,,
713,02/02/2022 21:24:21.135,14032.538,14032.538,1,1,0.00000,4.96910,0.00000,0.00000,0.00000,0.00000,0.00000,,0.01088959,,,
714,02/02/2022 21:24:41.135,14052.538,14052.538,1,1,0.00000,4.97252,0.00000,0.00000,0.00000,0.00000,0.00000,,0.01087195,,0,
715,02/02/2022 21:24:55.288,14066.691,14066.691,1,1,0.00000,4.98267,0.00000,0.00000,0.00000,0.00000,0.00000,,-0.02151299,,,
716,02/02/2022 21:25:15.289,14086.692,14086.692,1,1,0.00000,4.98545,0.00000,0.00000,0.00000,0.00000,0.00000,,0.01715667,,,
717,02/02/2022 21:25:34.119,14105.522,14105.522,1,1,0.00000,4.99551,0.00000,0.00000,0.00000,0.00000,0.00000,,0.01690079,,,
718,02/02/2022 21:25:53.865,14125.269,14125.268,1,1,0.00000,5.00036,0.00000,0.00000,0.00000,0.00000,0.00000,,-0.01589755,0,0,0
